Indx,Words
0,aahed
1,aalii
2,aargh
3,abaca
4,abaci
5,aback
6,abaft
7,abaka
8,abamp
9,abase
10,abash
11,abate
12,abbas
13,abbes
14,abbey
15,abbot
16,abeam
17,abele
18,abets
19,abhor
20,abide
21,abled
22,abler
23,ables
24,abmho
25,abode
26,abohm
27,aboil
28,aboma
29,aboon
30,abort
31,about
32,above
33,abris
34,abuse
35,abuts
36,abuzz
37,abyes
38,abysm
39,abyss
40,acari
41,acerb
42,aceta
43,ached
44,aches
45,achoo
46,acids
47,acidy
48,acing
49,acini
50,ackee
51,acmes
52,acmic
53,acned
54,acnes
55,acock
56,acold
57,acorn
58,acred
59,acres
60,acrid
61,acted
62,actin
63,actor
64,acute
65,acyls
66,adage
67,adapt
68,addax
69,added
70,adder
71,addle
72,adeem
73,adept
74,adieu
75,adios
76,adits
77,adman
78,admen
79,admit
80,admix
81,adobe
82,adobo
83,adopt
84,adore
85,adorn
86,adown
87,adoze
88,adult
89,adunc
90,adust
91,adyta
92,adzed
93,adzes
94,aecia
95,aedes
96,aegis
97,aeons
98,aerie
99,afars
100,affix
101,afire
102,afoam
103,afoot
104,afore
105,afoul
106,afrit
107,after
108,again
109,agama
110,agape
111,agars
112,agate
113,agave
114,agaze
115,agene
116,agent
117,agers
118,agger
119,aggie
120,aggro
121,aghas
122,agile
123,aging
124,agios
125,agism
126,agist
127,aglee
128,aglet
129,agley
130,aglow
131,agmas
132,agone
133,agons
134,agony
135,agora
136,agree
137,agria
138,agues
139,ahead
140,ahing
141,ahold
142,ahull
143,aided
144,aider
145,aides
146,ailed
147,aimed
148,aimer
149,aioli
150,aired
151,airer
152,airns
153,airth
154,airts
155,aisle
156,aitch
157,aiver
158,ajiva
159,ajuga
160,akees
161,akela
162,akene
163,alack
164,alamo
165,aland
166,alane
167,alang
168,alans
169,alant
170,alarm
171,alary
172,alate
173,albas
174,album
175,alcid
176,alder
177,aldol
178,alecs
179,alefs
180,aleph
181,alert
182,alfas
183,algae
184,algal
185,algas
186,algid
187,algin
188,algor
189,algum
190,alias
191,alibi
192,alien
193,alifs
194,align
195,alike
196,aline
197,alist
198,alive
199,aliya
200,alkyd
201,alkyl
202,allay
203,allee
204,alley
205,allod
206,allot
207,allow
208,alloy
209,allyl
210,almah
211,almas
212,almeh
213,almes
214,almud
215,almug
216,aloes
217,aloft
218,aloha
219,aloin
220,alone
221,along
222,aloof
223,aloud
224,alpha
225,altar
226,alter
227,altho
228,altos
229,alula
230,alums
231,alure
232,alway
233,amahs
234,amain
235,amass
236,amaze
237,amber
238,ambit
239,amble
240,ambos
241,ambry
242,ameba
243,ameer
244,amend
245,amens
246,ament
247,amias
248,amice
249,amici
250,amide
251,amido
252,amids
253,amies
254,amiga
255,amigo
256,amine
257,amino
258,amins
259,amirs
260,amiss
261,amity
262,ammos
263,amnia
264,amnic
265,amoks
266,amole
267,among
268,amort
269,amour
270,ample
271,amply
272,ampul
273,amuck
274,amuse
275,amyls
276,ancon
277,anear
278,anele
279,anent
280,angas
281,angel
282,anger
283,angle
284,angry
285,angst
286,anile
287,anils
288,anima
289,anime
290,animi
291,anion
292,anise
293,ankhs
294,ankle
295,ankus
296,anlas
297,annal
298,annas
299,annex
300,annoy
301,annul
302,anoas
303,anode
304,anole
305,anomy
306,ansae
307,antae
308,antas
309,anted
310,antes
311,antic
312,antis
313,antra
314,antre
315,antsy
316,anvil
317,aorta
318,apace
319,apart
320,apeak
321,apeek
322,apers
323,apery
324,aphid
325,aphis
326,apian
327,aping
328,apish
329,apnea
330,apods
331,aport
332,appal
333,appel
334,apple
335,apply
336,apres
337,apron
338,apses
339,apsis
340,apter
341,aptly
342,aquae
343,aquas
344,araks
345,arame
346,arbor
347,arced
348,arcus
349,ardeb
350,ardor
351,areae
352,areal
353,areas
354,areca
355,areic
356,arena
357,arete
358,argal
359,argil
360,argle
361,argol
362,argon
363,argot
364,argue
365,argus
366,arhat
367,arias
368,ariel
369,arils
370,arise
371,arles
372,armed
373,armer
374,armet
375,armor
376,aroid
377,aroma
378,arose
379,arpen
380,arras
381,array
382,arris
383,arrow
384,arses
385,arsis
386,arson
387,artal
388,artel
389,artsy
390,arums
391,arval
392,arvos
393,aryls
394,asana
395,ascot
396,ascus
397,asdic
398,ashed
399,ashen
400,ashes
401,aside
402,asked
403,asker
404,askew
405,askoi
406,askos
407,aspen
408,asper
409,aspic
410,aspis
411,assai
412,assay
413,asses
414,asset
415,aster
416,astir
417,asyla
418,ataps
419,ataxy
420,atilt
421,atlas
422,atman
423,atmas
424,atoll
425,atoms
426,atomy
427,atone
428,atony
429,atopy
430,atria
431,atrip
432,attar
433,attic
434,audad
435,audio
436,audit
437,auger
438,aught
439,augur
440,aulic
441,aunts
442,aunty
443,aurae
444,aural
445,aurar
446,auras
447,aurei
448,aures
449,auric
450,auris
451,aurum
452,autos
453,auxin
454,avail
455,avant
456,avast
457,avens
458,avers
459,avert
460,avgas
461,avian
462,avion
463,aviso
464,avoid
465,avows
466,await
467,awake
468,award
469,aware
470,awash
471,awful
472,awing
473,awned
474,awoke
475,awols
476,axels
477,axial
478,axile
479,axils
480,axing
481,axiom
482,axion
483,axite
484,axled
485,axles
486,axman
487,axmen
488,axone
489,axons
490,ayahs
491,ayins
492,azans
493,azide
494,azido
495,azine
496,azlon
497,azoic
498,azole
499,azons
500,azote
501,azoth
502,azure
503,baaed
504,baals
505,babas
506,babel
507,babes
508,babka
509,baboo
510,babul
511,babus
512,bacca
513,backs
514,bacon
515,baddy
516,badge
517,badly
518,baffs
519,baffy
520,bagel
521,baggy
522,bahts
523,bails
524,bairn
525,baith
526,baits
527,baiza
528,baize
529,baked
530,baker
531,bakes
532,balas
533,balds
534,baldy
535,baled
536,baler
537,bales
538,balks
539,balky
540,balls
541,bally
542,balms
543,balmy
544,balsa
545,banal
546,banco
547,bands
548,bandy
549,baned
550,banes
551,bangs
552,banjo
553,banks
554,banns
555,banty
556,barbe
557,barbs
558,barde
559,bards
560,bared
561,barer
562,bares
563,barfs
564,barge
565,baric
566,barks
567,barky
568,barms
569,barmy
570,barns
571,barny
572,baron
573,barre
574,barye
575,basal
576,based
577,baser
578,bases
579,basic
580,basil
581,basin
582,basis
583,basks
584,bassi
585,basso
586,bassy
587,baste
588,basts
589,batch
590,bated
591,bates
592,bathe
593,baths
594,batik
595,baton
596,batts
597,battu
598,batty
599,bauds
600,baulk
601,bawds
602,bawdy
603,bawls
604,bawty
605,bayed
606,bayou
607,bazar
608,bazoo
609,beach
610,beads
611,beady
612,beaks
613,beaky
614,beams
615,beamy
616,beano
617,beans
618,beard
619,bears
620,beast
621,beats
622,beaus
623,beaut
624,beaux
625,bebop
626,becap
627,becks
628,bedel
629,bedew
630,bedim
631,beech
632,beefs
633,beefy
634,beeps
635,beers
636,beery
637,beets
638,befit
639,befog
640,began
641,begat
642,beget
643,begin
644,begot
645,begum
646,begun
647,beige
648,beigy
649,being
650,belay
651,belch
652,belga
653,belie
654,belle
655,bells
656,belly
657,below
658,belts
659,bemas
660,bemix
661,bench
662,bends
663,bendy
664,benes
665,benne
666,benni
667,benny
668,bento
669,bents
670,beret
671,bergs
672,berme
673,berms
674,berry
675,berth
676,beryl
677,beset
678,besom
679,besot
680,bests
681,betas
682,betel
683,beths
684,beton
685,betta
686,bevel
687,bevor
688,bewig
689,bezel
690,bezil
691,bhang
692,bhoot
693,bhuts
694,biali
695,bialy
696,bibbs
697,bible
698,bicep
699,bices
700,biddy
701,bided
702,bider
703,bides
704,bidet
705,bield
706,biers
707,biffs
708,biffy
709,bifid
710,bight
711,bigly
712,bigot
713,bijou
714,biked
715,biker
716,bikes
717,bikie
718,bilbo
719,biles
720,bilge
721,bilgy
722,bilks
723,bills
724,billy
725,bimah
726,bimas
727,bimbo
728,binal
729,bindi
730,binds
731,bines
732,binge
733,bingo
734,binit
735,bints
736,biome
737,biont
738,biota
739,biped
740,bipod
741,birch
742,birds
743,birdy
744,birks
745,birle
746,birls
747,birrs
748,birse
749,birth
750,bises
751,bisks
752,bison
753,bitch
754,biter
755,bites
756,bitsy
757,bitts
758,bitty
759,bizes
760,blabs
761,black
762,blade
763,blahs
764,blain
765,blame
766,blams
767,bland
768,blank
769,blare
770,blase
771,blast
772,blate
773,blats
774,blawn
775,blaws
776,blaze
777,bleak
778,blear
779,bleat
780,blebs
781,bleed
782,bleep
783,blend
784,blent
785,bless
786,blest
787,blets
788,blimp
789,blimy
790,blind
791,bling
792,blini
793,blink
794,blips
795,bliss
796,blite
797,blitz
798,bloat
799,blobs
800,block
801,blocs
802,blogs
803,bloke
804,blond
805,blood
806,bloom
807,bloop
808,blots
809,blown
810,blows
811,blowy
812,blubs
813,blued
814,bluer
815,blues
816,bluet
817,bluey
818,bluff
819,blume
820,blunt
821,blurb
822,blurs
823,blurt
824,blush
825,blype
826,board
827,boars
828,boart
829,boast
830,boats
831,bobby
832,bocce
833,bocci
834,boche
835,bocks
836,boded
837,bodes
838,boffo
839,boffs
840,bogan
841,bogey
842,boggy
843,bogie
844,bogle
845,bogus
846,bohea
847,boils
848,boing
849,boite
850,bokeh
851,bolar
852,bolas
853,bolds
854,boles
855,bolls
856,bolos
857,bolts
858,bolus
859,bombe
860,bombs
861,bonds
862,boned
863,boner
864,bones
865,boney
866,bongo
867,bongs
868,bonks
869,bonne
870,bonny
871,bonus
872,bonze
873,boobs
874,booby
875,booed
876,boogy
877,books
878,booms
879,boomy
880,boons
881,boors
882,boost
883,booth
884,boots
885,booty
886,booze
887,boozy
888,boral
889,boras
890,borax
891,bored
892,borer
893,bores
894,boric
895,borne
896,boron
897,borts
898,borty
899,bortz
900,bosks
901,bosky
902,bosom
903,boson
904,bossy
905,bosun
906,botas
907,botch
908,botel
909,bothy
910,botts
911,bough
912,boule
913,bound
914,bourg
915,bourn
916,bouse
917,bousy
918,bouts
919,bovid
920,bowed
921,bowel
922,bower
923,bowls
924,bowse
925,boxed
926,boxer
927,boxes
928,boyar
929,boyla
930,boyos
931,bozos
932,brace
933,brach
934,bract
935,brads
936,braes
937,brags
938,braid
939,brail
940,brain
941,brake
942,braky
943,brand
944,brank
945,brans
946,brant
947,brash
948,brass
949,brats
950,brava
951,brave
952,bravi
953,bravo
954,brawl
955,brawn
956,braws
957,braxy
958,brays
959,braza
960,braze
961,bread
962,break
963,bream
964,brede
965,breed
966,brees
967,brens
968,brent
969,breve
970,brews
971,briar
972,bribe
973,brick
974,bride
975,brief
976,brier
977,bries
978,brigs
979,brill
980,brims
981,brine
982,bring
983,brink
984,brins
985,briny
986,brios
987,brisk
988,briss
989,brits
990,britt
991,broad
992,brock
993,broil
994,broke
995,brome
996,bromo
997,bronc
998,brood
999,brook
1000,broom
1001,broos
1002,brose
1003,brosy
1004,broth
1005,brown
1006,brows
1007,brugh
1008,bruin
1009,bruit
1010,brume
1011,brunt
1012,brush
1013,brusk
1014,brute
1015,bubal
1016,bubby
1017,bucko
1018,bucks
1019,buddy
1020,budge
1021,buffi
1022,buffo
1023,buffs
1024,buffy
1025,buggy
1026,bugle
1027,buhls
1028,buhrs
1029,build
1030,built
1031,bulbs
1032,bulge
1033,bulgy
1034,bulks
1035,bulky
1036,bulla
1037,bulls
1038,bully
1039,bumfs
1040,bumph
1041,bumps
1042,bumpy
1043,bunch
1044,bunco
1045,bunds
1046,bundt
1047,bungs
1048,bunko
1049,bunks
1050,bunns
1051,bunny
1052,bunts
1053,bunya
1054,buoys
1055,buran
1056,buras
1057,burbs
1058,burds
1059,buret
1060,burgh
1061,burgs
1062,burin
1063,burke
1064,burls
1065,burly
1066,burns
1067,burnt
1068,burps
1069,burqa
1070,burro
1071,burrs
1072,burry
1073,bursa
1074,burse
1075,burst
1076,busby
1077,bused
1078,buses
1079,bushy
1080,busks
1081,busts
1082,busty
1083,butch
1084,buteo
1085,butle
1086,butte
1087,butts
1088,butty
1089,butut
1090,butyl
1091,buxom
1092,buyer
1093,bwana
1094,bylaw
1095,byres
1096,byrls
1097,byssi
1098,bytes
1099,byway
1100,cabal
1101,cabby
1102,caber
1103,cabin
1104,cable
1105,cabob
1106,cacao
1107,cacas
1108,cache
1109,cacti
1110,caddy
1111,cades
1112,cadet
1113,cadge
1114,cadgy
1115,cadis
1116,cadre
1117,caeca
1118,cafes
1119,caffs
1120,caged
1121,cager
1122,cages
1123,cagey
1124,cahow
1125,caids
1126,cains
1127,caird
1128,cairn
1129,cajon
1130,caked
1131,cakes
1132,cakey
1133,calfs
1134,calif
1135,calix
1136,calks
1137,calla
1138,calls
1139,calms
1140,calve
1141,calyx
1142,camas
1143,camel
1144,cameo
1145,cames
1146,campi
1147,campo
1148,camps
1149,campy
1150,canal
1151,candy
1152,caned
1153,caner
1154,canes
1155,canid
1156,canna
1157,canny
1158,canoe
1159,canon
1160,canso
1161,canst
1162,canto
1163,cants
1164,canty
1165,caped
1166,caper
1167,capes
1168,caphs
1169,capiz
1170,capon
1171,capos
1172,caput
1173,carat
1174,carbo
1175,carbs
1176,cards
1177,cared
1178,carer
1179,cares
1180,caret
1181,carex
1182,cargo
1183,carks
1184,carle
1185,carls
1186,carns
1187,carny
1188,carob
1189,carol
1190,carom
1191,carpi
1192,carps
1193,carrs
1194,carry
1195,carse
1196,carte
1197,carts
1198,carve
1199,casas
1200,cased
1201,cases
1202,casks
1203,casky
1204,caste
1205,casts
1206,casus
1207,catch
1208,cater
1209,cates
1210,catty
1211,cauld
1212,caulk
1213,cauls
1214,cause
1215,caved
1216,caver
1217,caves
1218,cavie
1219,cavil
1220,cawed
1221,cease
1222,cebid
1223,cecal
1224,cecum
1225,cedar
1226,ceded
1227,ceder
1228,cedes
1229,cedis
1230,ceiba
1231,ceils
1232,celeb
1233,cella
1234,celli
1235,cello
1236,cells
1237,celom
1238,celts
1239,cense
1240,cento
1241,cents
1242,ceorl
1243,cepes
1244,cerci
1245,cered
1246,ceres
1247,ceria
1248,ceric
1249,ceros
1250,cesta
1251,cesti
1252,cetes
1253,chads
1254,chafe
1255,chaff
1256,chain
1257,chair
1258,chalk
1259,champ
1260,chams
1261,chang
1262,chant
1263,chaos
1264,chape
1265,chaps
1266,chapt
1267,chard
1268,chare
1269,chark
1270,charm
1271,charr
1272,chars
1273,chart
1274,chary
1275,chase
1276,chasm
1277,chats
1278,chaws
1279,chays
1280,cheap
1281,cheat
1282,check
1283,cheek
1284,cheep
1285,cheer
1286,chefs
1287,chela
1288,chemo
1289,chert
1290,chess
1291,chest
1292,cheth
1293,chevy
1294,chews
1295,chewy
1296,chiao
1297,chias
1298,chick
1299,chico
1300,chics
1301,chide
1302,chief
1303,chiel
1304,child
1305,chile
1306,chili
1307,chill
1308,chimb
1309,chime
1310,chimp
1311,china
1312,chine
1313,chino
1314,chins
1315,chips
1316,chirk
1317,chirm
1318,chiro
1319,chirp
1320,chirr
1321,chits
1322,chive
1323,chivy
1324,chock
1325,chode
1326,choir
1327,choke
1328,choky
1329,cholo
1330,chomp
1331,chook
1332,chops
1333,chord
1334,chore
1335,chose
1336,chott
1337,chows
1338,chubs
1339,chuck
1340,chufa
1341,chuff
1342,chugs
1343,chump
1344,chums
1345,chunk
1346,churl
1347,churn
1348,churr
1349,chute
1350,chyle
1351,chyme
1352,cibol
1353,cider
1354,cigar
1355,cilia
1356,cimex
1357,cinch
1358,cines
1359,cions
1360,circa
1361,cires
1362,cirri
1363,cisco
1364,cissy
1365,cists
1366,cited
1367,citer
1368,cites
1369,civet
1370,civic
1371,civie
1372,civil
1373,civvy
1374,clach
1375,clack
1376,clade
1377,clads
1378,clags
1379,claim
1380,clamp
1381,clams
1382,clang
1383,clank
1384,clans
1385,claps
1386,clapt
1387,claro
1388,clary
1389,clash
1390,clasp
1391,class
1392,clast
1393,clave
1394,clavi
1395,claws
1396,clays
1397,clean
1398,clear
1399,cleat
1400,cleek
1401,clefs
1402,cleft
1403,clepe
1404,clept
1405,clerk
1406,clews
1407,click
1408,cliff
1409,clift
1410,climb
1411,clime
1412,cline
1413,cling
1414,clink
1415,clips
1416,clipt
1417,cloak
1418,clock
1419,clods
1420,clogs
1421,clomb
1422,clomp
1423,clone
1424,clonk
1425,clons
1426,cloot
1427,clops
1428,close
1429,cloth
1430,clots
1431,cloud
1432,clour
1433,clout
1434,clove
1435,clown
1436,cloys
1437,cloze
1438,clubs
1439,cluck
1440,clued
1441,clues
1442,clump
1443,clung
1444,clunk
1445,cnida
1446,coach
1447,coact
1448,coala
1449,coals
1450,coaly
1451,coapt
1452,coast
1453,coati
1454,coats
1455,cobbs
1456,cobby
1457,cobia
1458,coble
1459,cobra
1460,cocas
1461,cocci
1462,cocks
1463,cocky
1464,cocoa
1465,cocos
1466,codas
1467,codec
1468,coded
1469,coden
1470,coder
1471,codes
1472,codex
1473,codon
1474,coeds
1475,coffs
1476,cogon
1477,cohog
1478,cohos
1479,coifs
1480,coign
1481,coils
1482,coins
1483,coirs
1484,coked
1485,cokes
1486,colas
1487,colds
1488,coled
1489,coles
1490,colic
1491,colin
1492,colly
1493,colog
1494,colon
1495,color
1496,colts
1497,colza
1498,comae
1499,comal
1500,comas
1501,combe
1502,combo
1503,combs
1504,comer
1505,comes
1506,comet
1507,comfy
1508,comic
1509,comix
1510,comma
1511,commy
1512,compo
1513,comps
1514,compt
1515,comte
1516,conch
1517,condo
1518,coned
1519,cones
1520,coney
1521,conga
1522,conge
1523,congo
1524,conic
1525,conin
1526,conks
1527,conky
1528,conns
1529,conte
1530,conto
1531,conus
1532,cooch
1533,cooed
1534,cooee
1535,cooer
1536,cooey
1537,coofs
1538,cooks
1539,cooky
1540,cools
1541,cooly
1542,coomb
1543,coons
1544,coops
1545,coopt
1546,coots
1547,copal
1548,coped
1549,copen
1550,coper
1551,copes
1552,copra
1553,copse
1554,coral
1555,corby
1556,cords
1557,cored
1558,corer
1559,cores
1560,corgi
1561,coria
1562,corks
1563,corky
1564,corms
1565,corns
1566,cornu
1567,corny
1568,corps
1569,corse
1570,cosec
1571,coses
1572,coset
1573,cosey
1574,cosie
1575,costa
1576,costs
1577,cotan
1578,coted
1579,cotes
1580,cotta
1581,couch
1582,coude
1583,cough
1584,could
1585,count
1586,coupe
1587,coups
1588,court
1589,couth
1590,coved
1591,coven
1592,cover
1593,coves
1594,covet
1595,covey
1596,covin
1597,cowed
1598,cower
1599,cowls
1600,cowry
1601,coxae
1602,coxal
1603,coxed
1604,coxes
1605,coyed
1606,coyer
1607,coyly
1608,coypu
1609,cozen
1610,cozes
1611,cozey
1612,cozie
1613,craal
1614,crabs
1615,crack
1616,craft
1617,crags
1618,crake
1619,cramp
1620,crams
1621,crane
1622,crank
1623,crape
1624,craps
1625,crash
1626,crass
1627,crate
1628,crave
1629,crawl
1630,craws
1631,craze
1632,crazy
1633,creak
1634,cream
1635,credo
1636,creed
1637,creek
1638,creel
1639,creep
1640,creme
1641,crepe
1642,crept
1643,crepy
1644,cress
1645,crest
1646,crews
1647,cribs
1648,crick
1649,cried
1650,crier
1651,cries
1652,crime
1653,crimp
1654,cripe
1655,crisp
1656,croak
1657,croci
1658,crock
1659,crocs
1660,croft
1661,crone
1662,crony
1663,crook
1664,croon
1665,crops
1666,crore
1667,cross
1668,croup
1669,crowd
1670,crown
1671,crows
1672,croze
1673,cruck
1674,crude
1675,cruds
1676,cruel
1677,cruet
1678,crumb
1679,crump
1680,cruor
1681,crura
1682,cruse
1683,crush
1684,crust
1685,crwth
1686,crypt
1687,cubby
1688,cubeb
1689,cubed
1690,cuber
1691,cubes
1692,cubic
1693,cubit
1694,cuddy
1695,cuffs
1696,cuifs
1697,cuing
1698,cuish
1699,cukes
1700,culch
1701,culet
1702,culex
1703,culls
1704,cully
1705,culms
1706,culpa
1707,culti
1708,cults
1709,cumin
1710,cupel
1711,cupid
1712,cuppa
1713,cuppy
1714,curbs
1715,curch
1716,curds
1717,curdy
1718,cured
1719,curer
1720,cures
1721,curet
1722,curfs
1723,curia
1724,curie
1725,curio
1726,curls
1727,curly
1728,curns
1729,currs
1730,curry
1731,curse
1732,curst
1733,curve
1734,curvy
1735,cusec
1736,cushy
1737,cusks
1738,cusps
1739,cusso
1740,cutch
1741,cuter
1742,cutes
1743,cutey
1744,cutie
1745,cutin
1746,cutis
1747,cutty
1748,cutup
1749,cyano
1750,cyans
1751,cyber
1752,cycad
1753,cycas
1754,cycle
1755,cyclo
1756,cyder
1757,cylix
1758,cymae
1759,cymar
1760,cymas
1761,cymes
1762,cymol
1763,cynic
1764,cysts
1765,cyton
1766,czars
1767,daces
1768,dacha
1769,dadas
1770,daddy
1771,dados
1772,daffs
1773,daffy
1774,dagga
1775,dagos
1776,dahls
1777,daily
1778,dairy
1779,daisy
1780,dales
1781,dally
1782,daman
1783,damar
1784,dames
1785,damns
1786,damps
1787,dance
1788,dandy
1789,dangs
1790,danio
1791,darbs
1792,dared
1793,darer
1794,dares
1795,daric
1796,darks
1797,darky
1798,darns
1799,darts
1800,dashi
1801,dashy
1802,dated
1803,dater
1804,dates
1805,datos
1806,datto
1807,datum
1808,daube
1809,daubs
1810,dauby
1811,daunt
1812,dauts
1813,daven
1814,davit
1815,dawed
1816,dawen
1817,dawks
1818,dawns
1819,dawts
1820,dazed
1821,dazes
1822,deads
1823,deair
1824,deals
1825,dealt
1826,deans
1827,dears
1828,deary
1829,deash
1830,death
1831,deave
1832,debar
1833,debit
1834,debts
1835,debug
1836,debut
1837,debye
1838,decaf
1839,decal
1840,decay
1841,decks
1842,decor
1843,decos
1844,decoy
1845,decry
1846,dedal
1847,deeds
1848,deedy
1849,deems
1850,deeps
1851,deers
1852,deets
1853,defat
1854,defer
1855,defis
1856,defog
1857,degas
1858,degum
1859,deice
1860,deify
1861,deign
1862,deils
1863,deism
1864,deist
1865,deity
1866,deked
1867,dekes
1868,dekko
1869,delay
1870,deled
1871,deles
1872,delfs
1873,delft
1874,delis
1875,dells
1876,delly
1877,delta
1878,delve
1879,demes
1880,demit
1881,demob
1882,demon
1883,demos
1884,demur
1885,denes
1886,denim
1887,dense
1888,dents
1889,deoxy
1890,depot
1891,depth
1892,derat
1893,deray
1894,derby
1895,derma
1896,derms
1897,derry
1898,desex
1899,desks
1900,deter
1901,detox
1902,deuce
1903,devas
1904,devel
1905,devil
1906,devon
1907,dewan
1908,dewar
1909,dewax
1910,dewed
1911,dexes
1912,dexie
1913,dhaks
1914,dhals
1915,dhobi
1916,dhole
1917,dhoti
1918,dhows
1919,dhuti
1920,dials
1921,diary
1922,diazo
1923,diced
1924,dicer
1925,dices
1926,dicey
1927,dicks
1928,dicky
1929,dicot
1930,dicta
1931,dicty
1932,didie
1933,didos
1934,didst
1935,diene
1936,diets
1937,dight
1938,digit
1939,diked
1940,diker
1941,dikes
1942,dikey
1943,dildo
1944,dills
1945,dilly
1946,dimer
1947,dimes
1948,dimly
1949,dinar
1950,dined
1951,diner
1952,dines
1953,dinge
1954,dingo
1955,dings
1956,dingy
1957,dinks
1958,dinky
1959,dinos
1960,dints
1961,diode
1962,diols
1963,dippy
1964,dipso
1965,direr
1966,dirge
1967,dirks
1968,dirls
1969,dirts
1970,dirty
1971,disci
1972,disco
1973,discs
1974,dishy
1975,disks
1976,disme
1977,ditas
1978,ditch
1979,dites
1980,ditsy
1981,ditto
1982,ditty
1983,ditzy
1984,divan
1985,divas
1986,dived
1987,diver
1988,dives
1989,divot
1990,divvy
1991,diwan
1992,dixie
1993,dixit
1994,dizen
1995,dizzy
1996,djinn
1997,djins
1998,doats
1999,dobby
2000,dobie
2001,dobla
2002,dobra
2003,docks
2004,dodge
2005,dodgy
2006,dodos
2007,doers
2008,doest
2009,doeth
2010,doffs
2011,doges
2012,dogey
2013,doggo
2014,doggy
2015,dogie
2016,dogma
2017,doily
2018,doing
2019,doits
2020,dojos
2021,dolce
2022,dolci
2023,doled
2024,doles
2025,dolls
2026,dolly
2027,dolma
2028,dolor
2029,dolts
2030,domal
2031,domed
2032,domes
2033,domic
2034,donas
2035,donee
2036,donga
2037,dongs
2038,donna
2039,donne
2040,donor
2041,donsy
2042,donut
2043,dooly
2044,dooms
2045,doomy
2046,doors
2047,doozy
2048,dopas
2049,doped
2050,doper
2051,dopes
2052,dopey
2053,dorks
2054,dorky
2055,dorms
2056,dormy
2057,dorps
2058,dorrs
2059,dorsa
2060,dorty
2061,dosed
2062,doser
2063,doses
2064,dotal
2065,doted
2066,doter
2067,dotes
2068,dotty
2069,doubt
2070,douce
2071,dough
2072,doula
2073,douma
2074,doums
2075,doura
2076,douse
2077,doven
2078,doves
2079,dowdy
2080,dowed
2081,dowel
2082,dower
2083,dowie
2084,downs
2085,downy
2086,dowry
2087,dowse
2088,doxie
2089,doyen
2090,doyly
2091,dozed
2092,dozen
2093,dozer
2094,dozes
2095,drabs
2096,draff
2097,draft
2098,drags
2099,drail
2100,drain
2101,drake
2102,drama
2103,drams
2104,drank
2105,drape
2106,drats
2107,drave
2108,drawl
2109,drawn
2110,draws
2111,drays
2112,dread
2113,dream
2114,drear
2115,dreck
2116,dreed
2117,drees
2118,dregs
2119,dreks
2120,dress
2121,drest
2122,dribs
2123,dried
2124,drier
2125,dries
2126,drift
2127,drill
2128,drily
2129,drink
2130,drips
2131,dript
2132,drive
2133,droid
2134,droit
2135,droll
2136,drone
2137,drool
2138,droop
2139,drops
2140,dropt
2141,dross
2142,drouk
2143,drove
2144,drown
2145,drubs
2146,drugs
2147,druid
2148,drums
2149,drunk
2150,drupe
2151,druse
2152,dryad
2153,dryer
2154,dryly
2155,duads
2156,duals
2157,ducal
2158,ducat
2159,duces
2160,duchy
2161,ducks
2162,ducky
2163,ducts
2164,duddy
2165,duded
2166,dudes
2167,duels
2168,duets
2169,duffs
2170,dufus
2171,duits
2172,duked
2173,dukes
2174,dulia
2175,dulls
2176,dully
2177,dulse
2178,dumas
2179,dumbs
2180,dumka
2181,dumky
2182,dummy
2183,dumps
2184,dumpy
2185,dunam
2186,dunce
2187,dunch
2188,dunes
2189,dungs
2190,dungy
2191,dunks
2192,dunts
2193,duomi
2194,duomo
2195,duped
2196,duper
2197,dupes
2198,duple
2199,dural
2200,duras
2201,dured
2202,dures
2203,durns
2204,duroc
2205,duros
2206,durra
2207,durrs
2208,durst
2209,durum
2210,dusks
2211,dusky
2212,dusts
2213,dusty
2214,dutch
2215,duvet
2216,dwarf
2217,dweeb
2218,dwell
2219,dwelt
2220,dwine
2221,dyads
2222,dyers
2223,dying
2224,dyked
2225,dykes
2226,dykey
2227,dynel
2228,dynes
2229,eager
2230,eagle
2231,eagre
2232,eared
2233,earls
2234,early
2235,earns
2236,earth
2237,eased
2238,easel
2239,eases
2240,easts
2241,eaten
2242,eater
2243,eaved
2244,eaves
2245,ebbed
2246,ebbet
2247,ebola
2248,ebons
2249,ebony
2250,ebook
2251,eched
2252,eches
2253,echos
2254,eclat
2255,ecrus
2256,edema
2257,edged
2258,edger
2259,edges
2260,edict
2261,edify
2262,edile
2263,edits
2264,educe
2265,educt
2266,eerie
2267,egads
2268,egers
2269,egest
2270,eggar
2271,egged
2272,egger
2273,egret
2274,eider
2275,eidos
2276,eight
2277,eikon
2278,eject
2279,eking
2280,elain
2281,eland
2282,elans
2283,elate
2284,elbow
2285,elder
2286,elect
2287,elegy
2288,elemi
2289,elfin
2290,elide
2291,elint
2292,elite
2293,eloin
2294,elope
2295,elude
2296,elute
2297,elver
2298,elves
2299,email
2300,embar
2301,embay
2302,embed
2303,ember
2304,embow
2305,emcee
2306,emeer
2307,emend
2308,emery
2309,emeus
2310,emirs
2311,emits
2312,emmer
2313,emmet
2314,emote
2315,empty
2316,emyde
2317,emyds
2318,enact
2319,enate
2320,ended
2321,ender
2322,endow
2323,endue
2324,enema
2325,enemy
2326,enjoy
2327,ennui
2328,enoki
2329,enols
2330,enorm
2331,enows
2332,enrol
2333,ensky
2334,ensue
2335,enter
2336,entia
2337,entry
2338,enure
2339,envoi
2340,envoy
2341,enzym
2342,eosin
2343,epact
2344,epees
2345,ephah
2346,ephas
2347,ephod
2348,ephor
2349,epics
2350,epoch
2351,epode
2352,epoxy
2353,equal
2354,equid
2355,equip
2356,erase
2357,erect
2358,ergot
2359,erica
2360,ernes
2361,erode
2362,erose
2363,erred
2364,error
2365,erses
2366,eruct
2367,erugo
2368,erupt
2369,ervil
2370,escar
2371,escot
2372,eskar
2373,esker
2374,essay
2375,esses
2376,ester
2377,estop
2378,etape
2379,ether
2380,ethic
2381,ethos
2382,ethyl
2383,etnas
2384,etude
2385,etuis
2386,etwee
2387,etyma
2388,euros
2389,evade
2390,evens
2391,event
2392,evert
2393,every
2394,evict
2395,evils
2396,evite
2397,evoke
2398,ewers
2399,exact
2400,exalt
2401,exams
2402,excel
2403,execs
2404,exert
2405,exile
2406,exine
2407,exing
2408,exist
2409,exits
2410,exons
2411,expat
2412,expel
2413,expos
2414,extol
2415,extra
2416,exude
2417,exult
2418,exurb
2419,eyers
2420,eying
2421,eyras
2422,eyres
2423,eyrie
2424,eyrir
2425,fable
2426,faced
2427,facer
2428,faces
2429,facet
2430,facia
2431,facts
2432,faddy
2433,faded
2434,fader
2435,fades
2436,fadge
2437,fados
2438,faena
2439,faery
2440,fails
2441,faint
2442,fairs
2443,fairy
2444,faith
2445,faked
2446,faker
2447,fakes
2448,fakey
2449,fakir
2450,falls
2451,false
2452,famed
2453,fames
2454,fancy
2455,fanes
2456,fanga
2457,fangs
2458,fanny
2459,fanon
2460,fanos
2461,fanum
2462,faqir
2463,farad
2464,farce
2465,farci
2466,farcy
2467,fards
2468,fared
2469,farer
2470,fares
2471,farle
2472,farls
2473,farms
2474,faros
2475,farts
2476,fasts
2477,fatal
2478,fated
2479,fates
2480,fatly
2481,fatso
2482,fatty
2483,fatwa
2484,faugh
2485,fauld
2486,fault
2487,fauna
2488,fauns
2489,fauve
2490,favas
2491,faves
2492,favor
2493,favus
2494,fawns
2495,fawny
2496,faxed
2497,faxes
2498,fayed
2499,fazed
2500,fazes
2501,fears
2502,fease
2503,feast
2504,feats
2505,feaze
2506,fecal
2507,feces
2508,fecks
2509,feeds
2510,feels
2511,feeze
2512,feign
2513,feint
2514,feist
2515,felid
2516,fella
2517,fells
2518,felly
2519,felon
2520,felts
2521,femes
2522,femme
2523,femur
2524,fence
2525,fends
2526,fenny
2527,feods
2528,feoff
2529,feral
2530,feres
2531,feria
2532,ferly
2533,fermi
2534,ferns
2535,ferny
2536,ferry
2537,fesse
2538,fetal
2539,fetas
2540,fetch
2541,feted
2542,fetes
2543,fetid
2544,fetor
2545,fetus
2546,feuar
2547,feuds
2548,feued
2549,fever
2550,fewer
2551,feyer
2552,feyly
2553,fezes
2554,fiars
2555,fiats
2556,fiber
2557,fibre
2558,fices
2559,fiche
2560,fichu
2561,ficin
2562,ficus
2563,fidge
2564,fidos
2565,fiefs
2566,field
2567,fiend
2568,fiery
2569,fifed
2570,fifer
2571,fifes
2572,fifth
2573,fifty
2574,fight
2575,filar
2576,filch
2577,filed
2578,filer
2579,files
2580,filet
2581,fille
2582,fillo
2583,fills
2584,filly
2585,films
2586,filmy
2587,filos
2588,filth
2589,filum
2590,final
2591,finch
2592,finds
2593,fined
2594,finer
2595,fines
2596,finis
2597,finks
2598,finny
2599,finos
2600,fiord
2601,fique
2602,fired
2603,firer
2604,fires
2605,firms
2606,firns
2607,firry
2608,first
2609,firth
2610,fiscs
2611,fishy
2612,fists
2613,fitch
2614,fitly
2615,fiver
2616,fives
2617,fixed
2618,fixer
2619,fixes
2620,fixit
2621,fizzy
2622,fjeld
2623,fjord
2624,flabs
2625,flack
2626,flags
2627,flail
2628,flair
2629,flake
2630,flaky
2631,flame
2632,flams
2633,flamy
2634,flank
2635,flans
2636,flaps
2637,flare
2638,flash
2639,flask
2640,flats
2641,flaws
2642,flawy
2643,flaxy
2644,flays
2645,fleam
2646,fleas
2647,fleck
2648,fleer
2649,flees
2650,fleet
2651,flesh
2652,flews
2653,fleys
2654,flick
2655,flics
2656,flied
2657,flier
2658,flies
2659,fling
2660,flint
2661,flips
2662,flirt
2663,flite
2664,flits
2665,float
2666,flock
2667,flocs
2668,floes
2669,flogs
2670,flong
2671,flood
2672,floor
2673,flops
2674,flora
2675,floss
2676,flota
2677,flour
2678,flout
2679,flown
2680,flows
2681,flubs
2682,flued
2683,flues
2684,fluff
2685,fluid
2686,fluke
2687,fluky
2688,flume
2689,flump
2690,flung
2691,flunk
2692,fluor
2693,flush
2694,flute
2695,fluty
2696,fluyt
2697,flyby
2698,flyer
2699,flyte
2700,foals
2701,foams
2702,foamy
2703,focal
2704,focus
2705,foehn
2706,fogey
2707,foggy
2708,fogie
2709,fohns
2710,foils
2711,foins
2712,foist
2713,folds
2714,foley
2715,folia
2716,folic
2717,folio
2718,folks
2719,folky
2720,folly
2721,fonds
2722,fondu
2723,fonts
2724,foods
2725,fools
2726,foots
2727,footy
2728,foram
2729,foray
2730,forbs
2731,forby
2732,force
2733,fordo
2734,fords
2735,fores
2736,forge
2737,forgo
2738,forks
2739,forky
2740,forme
2741,forms
2742,forte
2743,forth
2744,forts
2745,forty
2746,forum
2747,fossa
2748,fosse
2749,fouls
2750,found
2751,fount
2752,fours
2753,fovea
2754,fowls
2755,foxed
2756,foxes
2757,foyer
2758,frags
2759,frail
2760,frame
2761,franc
2762,frank
2763,fraps
2764,frass
2765,frats
2766,fraud
2767,frays
2768,freak
2769,freed
2770,freer
2771,frees
2772,fremd
2773,frena
2774,frere
2775,fresh
2776,frets
2777,friar
2778,fried
2779,frier
2780,fries
2781,frigs
2782,frill
2783,frise
2784,frisk
2785,frith
2786,frits
2787,fritt
2788,fritz
2789,frizz
2790,frock
2791,froes
2792,frogs
2793,frond
2794,frons
2795,front
2796,frore
2797,frosh
2798,frost
2799,froth
2800,frown
2801,frows
2802,froze
2803,frugs
2804,fruit
2805,frump
2806,fryer
2807,fubsy
2808,fucus
2809,fudge
2810,fuels
2811,fugal
2812,fuggy
2813,fugio
2814,fugle
2815,fugue
2816,fugus
2817,fujis
2818,fulls
2819,fully
2820,fumed
2821,fumer
2822,fumes
2823,fumet
2824,fundi
2825,funds
2826,fungi
2827,fungo
2828,funks
2829,funky
2830,funny
2831,furan
2832,furls
2833,furor
2834,furry
2835,furze
2836,furzy
2837,fused
2838,fusee
2839,fusel
2840,fuses
2841,fusil
2842,fussy
2843,fusty
2844,futon
2845,fuzed
2846,fuzee
2847,fuzes
2848,fuzil
2849,fuzzy
2850,fyces
2851,fykes
2852,fytte
2853,gabby
2854,gable
2855,gaddi
2856,gadid
2857,gadis
2858,gaffe
2859,gaffs
2860,gaged
2861,gager
2862,gages
2863,gaily
2864,gains
2865,gaits
2866,galah
2867,galas
2868,galax
2869,galea
2870,gales
2871,galls
2872,gally
2873,galop
2874,gamas
2875,gamay
2876,gamba
2877,gambe
2878,gambs
2879,gamed
2880,gamer
2881,games
2882,gamey
2883,gamic
2884,gamin
2885,gamma
2886,gammy
2887,gamps
2888,gamut
2889,ganef
2890,ganev
2891,gangs
2892,ganja
2893,ganof
2894,gaols
2895,gaped
2896,gaper
2897,gapes
2898,gappy
2899,garbs
2900,garni
2901,garth
2902,gases
2903,gasps
2904,gassy
2905,gasts
2906,gated
2907,gates
2908,gator
2909,gauds
2910,gaudy
2911,gauge
2912,gault
2913,gaums
2914,gaunt
2915,gaurs
2916,gauss
2917,gauze
2918,gauzy
2919,gavel
2920,gavot
2921,gawks
2922,gawky
2923,gawps
2924,gawsy
2925,gayal
2926,gayer
2927,gayly
2928,gazar
2929,gazed
2930,gazer
2931,gazes
2932,gears
2933,gecko
2934,gecks
2935,geeks
2936,geeky
2937,geese
2938,geest
2939,gelds
2940,gelee
2941,gelid
2942,gelts
2943,gemma
2944,gemmy
2945,gemot
2946,genes
2947,genet
2948,genic
2949,genie
2950,genii
2951,genip
2952,genoa
2953,genom
2954,genre
2955,genro
2956,gents
2957,genua
2958,genus
2959,geode
2960,geoid
2961,gerah
2962,germs
2963,germy
2964,gesso
2965,geste
2966,gests
2967,getas
2968,getup
2969,geums
2970,ghast
2971,ghats
2972,ghaut
2973,ghazi
2974,ghees
2975,ghost
2976,ghoul
2977,ghyll
2978,giant
2979,gibed
2980,giber
2981,gibes
2982,giddy
2983,gifts
2984,gigas
2985,gighe
2986,gigot
2987,gigue
2988,gilds
2989,gills
2990,gilly
2991,gilts
2992,gimel
2993,gimme
2994,gimps
2995,gimpy
2996,ginks
2997,ginny
2998,gipon
2999,gipsy
3000,girds
3001,girls
3002,girly
3003,girns
3004,giron
3005,giros
3006,girsh
3007,girth
3008,girts
3009,gismo
3010,gists
3011,given
3012,giver
3013,gives
3014,gizmo
3015,glace
3016,glade
3017,glads
3018,glady
3019,glair
3020,gland
3021,glans
3022,glare
3023,glary
3024,glass
3025,glaze
3026,glazy
3027,gleam
3028,glean
3029,gleba
3030,glebe
3031,glede
3032,gleds
3033,gleed
3034,gleek
3035,glees
3036,gleet
3037,glens
3038,gleys
3039,glial
3040,glias
3041,glide
3042,gliff
3043,glime
3044,glims
3045,glint
3046,glitz
3047,gloam
3048,gloat
3049,globe
3050,globs
3051,glogg
3052,gloms
3053,gloom
3054,glops
3055,glory
3056,gloss
3057,glost
3058,glout
3059,glove
3060,glows
3061,gloze
3062,glued
3063,gluer
3064,glues
3065,gluey
3066,glugs
3067,glume
3068,gluon
3069,glute
3070,gluts
3071,glyph
3072,gnarl
3073,gnarr
3074,gnars
3075,gnash
3076,gnats
3077,gnawn
3078,gnaws
3079,gnome
3080,goads
3081,goals
3082,goats
3083,goban
3084,gobos
3085,godet
3086,godly
3087,goers
3088,gofer
3089,gogos
3090,going
3091,golds
3092,golem
3093,golfs
3094,golly
3095,gombo
3096,gonad
3097,gonef
3098,goner
3099,gongs
3100,gonia
3101,gonif
3102,gonof
3103,gonzo
3104,goods
3105,goody
3106,gooey
3107,goofs
3108,goofy
3109,goons
3110,goony
3111,goops
3112,goopy
3113,goose
3114,goosy
3115,goral
3116,gored
3117,gores
3118,gorge
3119,gorps
3120,gorse
3121,gorsy
3122,gouge
3123,gourd
3124,gouts
3125,gouty
3126,gowan
3127,gowds
3128,gowks
3129,gowns
3130,goxes
3131,goyim
3132,graal
3133,grabs
3134,grace
3135,grade
3136,grads
3137,graft
3138,grail
3139,grain
3140,grama
3141,gramp
3142,grams
3143,grana
3144,grand
3145,grans
3146,grant
3147,grape
3148,graph
3149,grapy
3150,grasp
3151,grass
3152,grate
3153,grave
3154,gravy
3155,grays
3156,graze
3157,great
3158,grebe
3159,greed
3160,greek
3161,green
3162,grees
3163,greet
3164,grego
3165,greys
3166,gride
3167,grids
3168,grief
3169,griff
3170,grift
3171,grigs
3172,grill
3173,grime
3174,grimy
3175,grind
3176,grins
3177,griot
3178,gripe
3179,grips
3180,gript
3181,gripy
3182,grist
3183,grith
3184,grits
3185,groan
3186,groat
3187,grody
3188,grogs
3189,groin
3190,groks
3191,groom
3192,grope
3193,gross
3194,grosz
3195,grots
3196,group
3197,grout
3198,grove
3199,growl
3200,grown
3201,grows
3202,grubs
3203,gruel
3204,grues
3205,gruff
3206,grume
3207,grump
3208,grunt
3209,guaco
3210,guano
3211,guans
3212,guard
3213,guars
3214,guava
3215,gucks
3216,gudes
3217,guess
3218,guest
3219,guffs
3220,guide
3221,guids
3222,guild
3223,guile
3224,guilt
3225,guiro
3226,guise
3227,gulag
3228,gular
3229,gulch
3230,gules
3231,gulfs
3232,gulfy
3233,gulls
3234,gully
3235,gulps
3236,gulpy
3237,gumbo
3238,gumma
3239,gummy
3240,gunks
3241,gunky
3242,gunny
3243,guppy
3244,gurge
3245,gurry
3246,gursh
3247,gurus
3248,gushy
3249,gussy
3250,gusto
3251,gusts
3252,gusty
3253,gutsy
3254,gutta
3255,gutty
3256,guyed
3257,guyot
3258,gybed
3259,gybes
3260,gyoza
3261,gypsy
3262,gyral
3263,gyred
3264,gyres
3265,gyron
3266,gyros
3267,gyrus
3268,gyved
3269,gyves
3270,haafs
3271,haars
3272,habit
3273,habus
3274,hacek
3275,hacks
3276,hadal
3277,haded
3278,hades
3279,hadji
3280,hadst
3281,haems
3282,haets
3283,hafis
3284,hafiz
3285,hafts
3286,hahas
3287,haika
3288,haiks
3289,haiku
3290,hails
3291,hairs
3292,hairy
3293,hajes
3294,hajis
3295,hajji
3296,hakes
3297,hakim
3298,halal
3299,haled
3300,haler
3301,hales
3302,halid
3303,hallo
3304,halls
3305,halma
3306,halms
3307,halon
3308,halos
3309,halts
3310,halva
3311,halve
3312,hamal
3313,hames
3314,hammy
3315,hamza
3316,hance
3317,hands
3318,handy
3319,hangs
3320,hanks
3321,hanky
3322,hansa
3323,hanse
3324,hants
3325,haole
3326,hapax
3327,haply
3328,happy
3329,hards
3330,hardy
3331,hared
3332,harem
3333,hares
3334,harks
3335,harls
3336,harms
3337,harps
3338,harpy
3339,harry
3340,harsh
3341,harts
3342,hasps
3343,haste
3344,hasty
3345,hatch
3346,hated
3347,hater
3348,hates
3349,haugh
3350,haulm
3351,hauls
3352,haunt
3353,haute
3354,haven
3355,haver
3356,haves
3357,havoc
3358,hawed
3359,hawks
3360,hawse
3361,hayed
3362,hayer
3363,hazan
3364,hazed
3365,hazel
3366,hazer
3367,hazes
3368,heads
3369,heady
3370,heals
3371,heaps
3372,heard
3373,hears
3374,heart
3375,heath
3376,heats
3377,heave
3378,heavy
3379,hebes
3380,hecks
3381,heder
3382,hedge
3383,hedgy
3384,heeds
3385,heels
3386,heeze
3387,hefts
3388,hefty
3389,heigh
3390,heils
3391,heirs
3392,heist
3393,helio
3394,helix
3395,hello
3396,hells
3397,helms
3398,helos
3399,helot
3400,helps
3401,helve
3402,hemal
3403,hemes
3404,hemic
3405,hemin
3406,hemps
3407,hempy
3408,hence
3409,henna
3410,henry
3411,hents
3412,herbs
3413,herby
3414,herds
3415,heres
3416,herls
3417,herma
3418,herms
3419,herns
3420,heron
3421,heros
3422,herry
3423,hertz
3424,hests
3425,heths
3426,heuch
3427,heugh
3428,hewed
3429,hewer
3430,hexad
3431,hexed
3432,hexer
3433,hexes
3434,hexyl
3435,hicks
3436,hided
3437,hider
3438,hides
3439,highs
3440,hight
3441,hijab
3442,hiked
3443,hiker
3444,hikes
3445,hilar
3446,hillo
3447,hills
3448,hilly
3449,hilts
3450,hilum
3451,hilus
3452,hinds
3453,hinge
3454,hinky
3455,hinny
3456,hints
3457,hippo
3458,hippy
3459,hired
3460,hiree
3461,hirer
3462,hires
3463,hissy
3464,hists
3465,hitch
3466,hived
3467,hives
3468,hoagy
3469,hoard
3470,hoars
3471,hoary
3472,hobby
3473,hobos
3474,hocks
3475,hocus
3476,hodad
3477,hoers
3478,hogan
3479,hoggs
3480,hoick
3481,hoise
3482,hoist
3483,hoked
3484,hokes
3485,hokey
3486,hokku
3487,hokum
3488,holds
3489,holed
3490,holes
3491,holey
3492,holks
3493,holla
3494,hollo
3495,holly
3496,holms
3497,holts
3498,homed
3499,homer
3500,homes
3501,homey
3502,homie
3503,homos
3504,honan
3505,honda
3506,honed
3507,honer
3508,hones
3509,honey
3510,hongs
3511,honks
3512,honky
3513,honor
3514,hooch
3515,hoods
3516,hoody
3517,hooey
3518,hoofs
3519,hooka
3520,hooks
3521,hooky
3522,hooly
3523,hoops
3524,hoots
3525,hooty
3526,hoped
3527,hoper
3528,hopes
3529,hoppy
3530,horah
3531,horal
3532,horas
3533,horde
3534,horns
3535,horny
3536,horse
3537,horst
3538,horsy
3539,hosed
3540,hosel
3541,hosen
3542,hoses
3543,hosta
3544,hosts
3545,hotch
3546,hotel
3547,hotly
3548,hound
3549,houri
3550,hours
3551,house
3552,hovel
3553,hover
3554,howdy
3555,howes
3556,howff
3557,howfs
3558,howks
3559,howls
3560,hoyas
3561,hoyle
3562,hubby
3563,hucks
3564,huffs
3565,huffy
3566,huger
3567,hulas
3568,hulks
3569,hulky
3570,hullo
3571,hulls
3572,human
3573,humic
3574,humid
3575,humor
3576,humph
3577,humps
3578,humpy
3579,humus
3580,hunch
3581,hunks
3582,hunky
3583,hunts
3584,hurds
3585,hurls
3586,hurly
3587,hurry
3588,hurst
3589,hurts
3590,husks
3591,husky
3592,hussy
3593,hutch
3594,huzza
3595,hydra
3596,hydro
3597,hyena
3598,hying
3599,hylas
3600,hymen
3601,hymns
3602,hyoid
3603,hyped
3604,hyper
3605,hypes
3606,hypha
3607,hypos
3608,hyrax
3609,hyson
3610,iambi
3611,iambs
3612,ichor
3613,icier
3614,icily
3615,icing
3616,icker
3617,icons
3618,ictic
3619,ictus
3620,ideal
3621,ideas
3622,idiom
3623,idiot
3624,idled
3625,idler
3626,idles
3627,idols
3628,idyll
3629,idyls
3630,igged
3631,igloo
3632,iglus
3633,ihram
3634,ikats
3635,ikons
3636,ileac
3637,ileal
3638,ileum
3639,ileus
3640,iliac
3641,iliad
3642,ilial
3643,ilium
3644,iller
3645,image
3646,imago
3647,imams
3648,imaum
3649,imbed
3650,imbue
3651,imide
3652,imido
3653,imids
3654,imine
3655,imino
3656,immix
3657,imped
3658,impel
3659,impis
3660,imply
3661,inane
3662,inapt
3663,inarm
3664,inbox
3665,inbye
3666,incog
3667,incur
3668,incus
3669,index
3670,indie
3671,indol
3672,indow
3673,indri
3674,indue
3675,inept
3676,inert
3677,infer
3678,infix
3679,infos
3680,infra
3681,ingle
3682,ingot
3683,inion
3684,inked
3685,inker
3686,inkle
3687,inlay
3688,inlet
3689,inned
3690,inner
3691,input
3692,inset
3693,inter
3694,intis
3695,intro
3696,inure
3697,inurn
3698,invar
3699,iodic
3700,iodid
3701,iodin
3702,ionic
3703,iotas
3704,irade
3705,irate
3706,irids
3707,iring
3708,irked
3709,iroko
3710,irone
3711,irons
3712,irony
3713,isbas
3714,isled
3715,isles
3716,islet
3717,issei
3718,issue
3719,istle
3720,itchy
3721,items
3722,ither
3723,ivied
3724,ivies
3725,ivory
3726,ixias
3727,ixora
3728,ixtle
3729,izars
3730,jabot
3731,jacal
3732,jacks
3733,jacky
3734,jaded
3735,jades
3736,jager
3737,jaggs
3738,jaggy
3739,jagra
3740,jails
3741,jakes
3742,jalap
3743,jalop
3744,jambe
3745,jambs
3746,jammy
3747,janes
3748,janky
3749,janty
3750,japan
3751,japed
3752,japer
3753,japes
3754,jarls
3755,jatos
3756,jauks
3757,jaunt
3758,jaups
3759,javas
3760,jawan
3761,jawed
3762,jazzy
3763,jeans
3764,jebel
3765,jeeps
3766,jeers
3767,jefes
3768,jehad
3769,jehus
3770,jello
3771,jells
3772,jelly
3773,jemmy
3774,jenny
3775,jerid
3776,jerks
3777,jerky
3778,jerry
3779,jesse
3780,jests
3781,jetes
3782,jeton
3783,jetty
3784,jewel
3785,jibbs
3786,jibed
3787,jiber
3788,jibes
3789,jiffs
3790,jiffy
3791,jiggy
3792,jihad
3793,jills
3794,jilts
3795,jimmy
3796,jimpy
3797,jingo
3798,jinks
3799,jinni
3800,jinns
3801,jisms
3802,jived
3803,jiver
3804,jives
3805,jivey
3806,jnana
3807,jocko
3808,jocks
3809,joeys
3810,johns
3811,joins
3812,joint
3813,joist
3814,joked
3815,joker
3816,jokes
3817,jokey
3818,joles
3819,jolly
3820,jolts
3821,jolty
3822,jomon
3823,jones
3824,joram
3825,jorum
3826,jotas
3827,jotty
3828,joual
3829,jouks
3830,joule
3831,joust
3832,jowar
3833,jowed
3834,jowls
3835,jowly
3836,joyed
3837,jubas
3838,jubes
3839,jucos
3840,judas
3841,judge
3842,judos
3843,jugal
3844,jugum
3845,juice
3846,juicy
3847,jujus
3848,juked
3849,jukes
3850,jukus
3851,julep
3852,jumbo
3853,jumps
3854,jumpy
3855,junco
3856,junks
3857,junky
3858,junta
3859,junto
3860,jupes
3861,jupon
3862,jural
3863,jurat
3864,jurel
3865,juror
3866,justs
3867,jutes
3868,jutty
3869,kabab
3870,kabar
3871,kabob
3872,kadis
3873,kafir
3874,kagus
3875,kaiak
3876,kaifs
3877,kails
3878,kains
3879,kakas
3880,kakis
3881,kalam
3882,kales
3883,kalif
3884,kalpa
3885,kames
3886,kamik
3887,kanas
3888,kanes
3889,kanji
3890,kanzu
3891,kaons
3892,kapas
3893,kaphs
3894,kapok
3895,kappa
3896,kaput
3897,karat
3898,karma
3899,karns
3900,karoo
3901,karst
3902,karts
3903,kasha
3904,katas
3905,kauri
3906,kaury
3907,kavas
3908,kayak
3909,kayos
3910,kazoo
3911,kbars
3912,kebab
3913,kebar
3914,kebob
3915,kecks
3916,kedge
3917,keefs
3918,keeks
3919,keels
3920,keens
3921,keeps
3922,keets
3923,keeve
3924,kefir
3925,keirs
3926,kelep
3927,kelim
3928,kelly
3929,kelps
3930,kelpy
3931,kemps
3932,kempt
3933,kenaf
3934,kench
3935,kendo
3936,kenos
3937,kepis
3938,kerbs
3939,kerfs
3940,kerne
3941,kerns
3942,kerry
3943,ketch
3944,ketol
3945,kevel
3946,kevil
3947,kexes
3948,keyed
3949,khadi
3950,khafs
3951,khaki
3952,khans
3953,khaph
3954,khats
3955,kheda
3956,kheth
3957,khets
3958,khoum
3959,kiang
3960,kibbe
3961,kibbi
3962,kibei
3963,kibes
3964,kibla
3965,kicks
3966,kicky
3967,kiddo
3968,kiddy
3969,kiefs
3970,kiers
3971,kikes
3972,kilim
3973,kills
3974,kilns
3975,kilos
3976,kilts
3977,kilty
3978,kinas
3979,kinds
3980,kines
3981,kings
3982,kinin
3983,kinks
3984,kinky
3985,kinos
3986,kiosk
3987,kirks
3988,kirns
3989,kissy
3990,kists
3991,kited
3992,kiter
3993,kites
3994,kithe
3995,kiths
3996,kitty
3997,kivas
3998,kiwis
3999,klong
4000,kloof
4001,kluge
4002,klutz
4003,knack
4004,knaps
4005,knars
4006,knaur
4007,knave
4008,knead
4009,kneed
4010,kneel
4011,knees
4012,knell
4013,knelt
4014,knife
4015,knish
4016,knits
4017,knobs
4018,knock
4019,knoll
4020,knops
4021,knosp
4022,knots
4023,knout
4024,known
4025,knows
4026,knurl
4027,knurs
4028,koala
4029,koans
4030,kobos
4031,koels
4032,kohls
4033,koine
4034,kolas
4035,kolos
4036,konks
4037,kooks
4038,kooky
4039,kopek
4040,kophs
4041,kopje
4042,koppa
4043,korai
4044,koras
4045,korat
4046,korun
4047,kotos
4048,kotow
4049,kraal
4050,kraft
4051,krait
4052,kraut
4053,kreep
4054,krill
4055,krona
4056,krone
4057,kroon
4058,krubi
4059,kudos
4060,kudus
4061,kudzu
4062,kufis
4063,kugel
4064,kukri
4065,kulak
4066,kumys
4067,kurta
4068,kurus
4069,kusso
4070,kvass
4071,kyack
4072,kyaks
4073,kyars
4074,kyats
4075,kylix
4076,kyrie
4077,kytes
4078,kythe
4079,laari
4080,label
4081,labia
4082,labor
4083,labra
4084,laced
4085,lacer
4086,laces
4087,lacey
4088,lacks
4089,laded
4090,laden
4091,lader
4092,lades
4093,ladle
4094,laevo
4095,lagan
4096,lager
4097,lahar
4098,laich
4099,laics
4100,laigh
4101,laird
4102,lairs
4103,laith
4104,laity
4105,laked
4106,laker
4107,lakes
4108,lakhs
4109,lalls
4110,lamas
4111,lambs
4112,lamby
4113,lamed
4114,lamer
4115,lames
4116,lamia
4117,lamps
4118,lanai
4119,lance
4120,lands
4121,lanes
4122,lanky
4123,lapel
4124,lapin
4125,lapis
4126,lapse
4127,larch
4128,lards
4129,lardy
4130,laree
4131,lares
4132,large
4133,largo
4134,laris
4135,larks
4136,larky
4137,larum
4138,larva
4139,lased
4140,laser
4141,lases
4142,lasso
4143,lasts
4144,latch
4145,lated
4146,laten
4147,later
4148,latex
4149,lathe
4150,lathi
4151,laths
4152,lathy
4153,latke
4154,latte
4155,lauan
4156,lauds
4157,laugh
4158,laura
4159,lavas
4160,laved
4161,laver
4162,laves
4163,lawed
4164,lawns
4165,lawny
4166,laxer
4167,laxly
4168,layed
4169,layer
4170,layup
4171,lazar
4172,lazed
4173,lazes
4174,leach
4175,leads
4176,leady
4177,leafs
4178,leafy
4179,leaks
4180,leaky
4181,leans
4182,leant
4183,leaps
4184,leapt
4185,learn
4186,lears
4187,leary
4188,lease
4189,leash
4190,least
4191,leave
4192,leavy
4193,leben
4194,ledge
4195,ledgy
4196,leech
4197,leeks
4198,leers
4199,leery
4200,leets
4201,lefts
4202,lefty
4203,legal
4204,leger
4205,leges
4206,leggy
4207,legit
4208,lehrs
4209,lehua
4210,leman
4211,lemma
4212,lemon
4213,lemur
4214,lends
4215,lenes
4216,lenis
4217,lenos
4218,lense
4219,lento
4220,leone
4221,leper
4222,lepta
4223,letch
4224,lethe
4225,letup
4226,leuds
4227,levee
4228,level
4229,lever
4230,levin
4231,lewis
4232,lexes
4233,lexis
4234,lezzy
4235,liana
4236,liane
4237,liang
4238,liard
4239,liars
4240,libel
4241,liber
4242,libra
4243,libri
4244,lichi
4245,licht
4246,licit
4247,licks
4248,lidar
4249,lidos
4250,liege
4251,liens
4252,liers
4253,lieus
4254,lieve
4255,lifer
4256,lifts
4257,ligan
4258,liger
4259,light
4260,liked
4261,liken
4262,liker
4263,likes
4264,lilac
4265,lilts
4266,liman
4267,limas
4268,limba
4269,limbi
4270,limbo
4271,limbs
4272,limby
4273,limed
4274,limen
4275,limes
4276,limey
4277,limit
4278,limns
4279,limos
4280,limpa
4281,limps
4282,linac
4283,lindy
4284,lined
4285,linen
4286,liner
4287,lines
4288,liney
4289,linga
4290,lingo
4291,lings
4292,lingy
4293,linin
4294,links
4295,linky
4296,linns
4297,linos
4298,lints
4299,linty
4300,linum
4301,lions
4302,lipas
4303,lipid
4304,lipin
4305,lippy
4306,liras
4307,lirot
4308,lisle
4309,lisps
4310,lists
4311,litai
4312,litas
4313,liter
4314,lithe
4315,litho
4316,litre
4317,lived
4318,liven
4319,liver
4320,lives
4321,livid
4322,livre
4323,llama
4324,llano
4325,loach
4326,loads
4327,loafs
4328,loams
4329,loamy
4330,loans
4331,loath
4332,lobar
4333,lobby
4334,lobed
4335,lobes
4336,lobos
4337,local
4338,lochs
4339,locks
4340,locos
4341,locum
4342,locus
4343,loden
4344,lodes
4345,lodge
4346,loess
4347,lofts
4348,lofty
4349,logan
4350,loges
4351,loggy
4352,logia
4353,logic
4354,logoi
4355,logos
4356,loids
4357,loins
4358,lolls
4359,lolly
4360,loner
4361,longe
4362,longs
4363,looby
4364,looed
4365,looey
4366,loofa
4367,loofs
4368,looie
4369,looks
4370,looms
4371,loons
4372,loony
4373,loops
4374,loopy
4375,loose
4376,loots
4377,loped
4378,loper
4379,lopes
4380,loppy
4381,loral
4382,loran
4383,lords
4384,lores
4385,loris
4386,lorry
4387,losel
4388,loser
4389,loses
4390,lossy
4391,lotah
4392,lotas
4393,lotic
4394,lotos
4395,lotte
4396,lotto
4397,lotus
4398,lough
4399,louie
4400,louis
4401,loupe
4402,loups
4403,lours
4404,loury
4405,louse
4406,lousy
4407,louts
4408,lovat
4409,loved
4410,lover
4411,loves
4412,lowed
4413,lower
4414,lowes
4415,lowly
4416,lowse
4417,loxed
4418,loxes
4419,loyal
4420,luaus
4421,lubed
4422,lubes
4423,luces
4424,lucid
4425,lucks
4426,lucky
4427,lucre
4428,ludes
4429,ludic
4430,luffa
4431,luffs
4432,luged
4433,luger
4434,luges
4435,lulls
4436,lulus
4437,lumen
4438,lumps
4439,lumpy
4440,lunar
4441,lunas
4442,lunch
4443,lunes
4444,lunet
4445,lunge
4446,lungi
4447,lungs
4448,lunks
4449,lunts
4450,lupin
4451,lupus
4452,lurch
4453,lured
4454,lurer
4455,lures
4456,lurid
4457,lurks
4458,lusts
4459,lusty
4460,lusus
4461,lutea
4462,luted
4463,lutes
4464,luxes
4465,lweis
4466,lyard
4467,lyart
4468,lyase
4469,lycea
4470,lycee
4471,lycra
4472,lying
4473,lymph
4474,lynch
4475,lyres
4476,lyric
4477,lysed
4478,lyses
4479,lysin
4480,lysis
4481,lyssa
4482,lytic
4483,lytta
4484,maars
4485,mabes
4486,macaw
4487,maced
4488,macer
4489,maces
4490,mache
4491,macho
4492,machs
4493,macks
4494,macle
4495,macon
4496,macro
4497,madam
4498,madly
4499,madre
4500,mafia
4501,mafic
4502,mages
4503,magic
4504,magma
4505,magot
4506,magus
4507,mahoe
4508,maids
4509,maile
4510,maill
4511,mails
4512,maims
4513,mains
4514,mairs
4515,maist
4516,maize
4517,major
4518,makar
4519,maker
4520,makes
4521,makos
4522,malar
4523,males
4524,malic
4525,malls
4526,malms
4527,malmy
4528,malts
4529,malty
4530,mamas
4531,mamba
4532,mambo
4533,mamey
4534,mamie
4535,mamma
4536,mammy
4537,manas
4538,maned
4539,manes
4540,mange
4541,mango
4542,mangy
4543,mania
4544,manic
4545,manly
4546,manna
4547,manor
4548,manos
4549,manse
4550,manta
4551,manus
4552,maple
4553,maqui
4554,maras
4555,march
4556,marcs
4557,mares
4558,marge
4559,maria
4560,marks
4561,marls
4562,marly
4563,marry
4564,marse
4565,marsh
4566,marts
4567,marvy
4568,maser
4569,mashy
4570,masks
4571,mason
4572,massa
4573,masse
4574,massy
4575,masts
4576,match
4577,mated
4578,mater
4579,mates
4580,matey
4581,maths
4582,matin
4583,matte
4584,matts
4585,matza
4586,matzo
4587,mauds
4588,mauls
4589,maund
4590,mauts
4591,mauve
4592,maven
4593,mavie
4594,mavin
4595,mavis
4596,mawed
4597,maxed
4598,maxes
4599,maxim
4600,maxis
4601,mayan
4602,mayas
4603,maybe
4604,mayed
4605,mayor
4606,mayos
4607,mayst
4608,mazed
4609,mazer
4610,mazes
4611,mbira
4612,meads
4613,meals
4614,mealy
4615,means
4616,meant
4617,meany
4618,meats
4619,meaty
4620,mecca
4621,medal
4622,media
4623,medic
4624,medii
4625,meeds
4626,meets
4627,meiny
4628,melds
4629,melee
4630,melic
4631,mells
4632,melon
4633,melts
4634,memos
4635,menad
4636,mends
4637,mensa
4638,mense
4639,menta
4640,menus
4641,meous
4642,meows
4643,mercy
4644,merde
4645,merer
4646,meres
4647,merge
4648,merit
4649,merks
4650,merle
4651,merls
4652,merry
4653,mesas
4654,meshy
4655,mesic
4656,mesne
4657,meson
4658,messy
4659,metal
4660,meted
4661,meter
4662,metes
4663,meths
4664,metis
4665,metre
4666,metro
4667,mewed
4668,mewls
4669,mezes
4670,mezzo
4671,miaou
4672,miaow
4673,miasm
4674,miaul
4675,micas
4676,miche
4677,micks
4678,micra
4679,micro
4680,middy
4681,midge
4682,midis
4683,midst
4684,miens
4685,miffs
4686,miffy
4687,miggs
4688,might
4689,miked
4690,mikes
4691,mikra
4692,milch
4693,miler
4694,miles
4695,milia
4696,milks
4697,milky
4698,mille
4699,mills
4700,milos
4701,milpa
4702,milts
4703,milty
4704,mimed
4705,mimeo
4706,mimer
4707,mimes
4708,mimic
4709,minae
4710,minas
4711,mince
4712,mincy
4713,minds
4714,mined
4715,miner
4716,mines
4717,mingy
4718,minim
4719,minis
4720,minke
4721,minks
4722,minny
4723,minor
4724,mints
4725,minty
4726,minus
4727,mired
4728,mires
4729,mirex
4730,mirid
4731,mirks
4732,mirky
4733,mirth
4734,mirza
4735,misdo
4736,miser
4737,mises
4738,misos
4739,missy
4740,mists
4741,misty
4742,miter
4743,mites
4744,mitis
4745,mitre
4746,mitts
4747,mixed
4748,mixer
4749,mixes
4750,mixup
4751,mizen
4752,moans
4753,moats
4754,mocha
4755,mocks
4756,modal
4757,model
4758,modem
4759,modes
4760,modus
4761,moggy
4762,mogul
4763,mohel
4764,mohur
4765,moils
4766,moira
4767,moire
4768,moist
4769,mojos
4770,mokes
4771,molal
4772,molar
4773,molas
4774,molds
4775,moldy
4776,moles
4777,molls
4778,molly
4779,molto
4780,molts
4781,momes
4782,momma
4783,mommy
4784,momus
4785,monad
4786,monas
4787,monde
4788,mondo
4789,money
4790,mongo
4791,monie
4792,monks
4793,monos
4794,monte
4795,month
4796,mooch
4797,moods
4798,moody
4799,mooed
4800,moola
4801,mools
4802,moons
4803,moony
4804,moors
4805,moory
4806,moose
4807,moots
4808,moped
4809,moper
4810,mopes
4811,mopey
4812,morae
4813,moral
4814,moras
4815,moray
4816,morel
4817,mores
4818,morns
4819,moron
4820,morph
4821,morro
4822,morse
4823,morts
4824,mosey
4825,mosks
4826,mosso
4827,mossy
4828,moste
4829,mosts
4830,motel
4831,motes
4832,motet
4833,motey
4834,moths
4835,mothy
4836,motif
4837,motor
4838,motte
4839,motto
4840,motts
4841,mouch
4842,moues
4843,mould
4844,moult
4845,mound
4846,mount
4847,mourn
4848,mouse
4849,mousy
4850,mouth
4851,moved
4852,mover
4853,moves
4854,movie
4855,mowed
4856,mower
4857,moxas
4858,moxie
4859,mozos
4860,mucid
4861,mucin
4862,mucks
4863,mucky
4864,mucor
4865,mucro
4866,mucus
4867,muddy
4868,mudra
4869,muffs
4870,mufti
4871,muggs
4872,muggy
4873,muhly
4874,mujik
4875,mulch
4876,mulct
4877,muled
4878,mules
4879,muley
4880,mulla
4881,mulls
4882,multi
4883,mumms
4884,mummy
4885,mumps
4886,mumus
4887,munch
4888,mungo
4889,munis
4890,muons
4891,mural
4892,muras
4893,mured
4894,mures
4895,murex
4896,murid
4897,murks
4898,murky
4899,murra
4900,murre
4901,murrs
4902,murry
4903,musca
4904,mused
4905,muser
4906,muses
4907,mushy
4908,music
4909,musks
4910,musky
4911,mussy
4912,musth
4913,musts
4914,musty
4915,mutch
4916,muted
4917,muter
4918,mutes
4919,muton
4920,mutts
4921,muzzy
4922,mynah
4923,mynas
4924,myoid
4925,myoma
4926,myope
4927,myopy
4928,myrrh
4929,mysid
4930,myths
4931,mythy
4932,naans
4933,nabes
4934,nabis
4935,nabob
4936,nacho
4937,nacre
4938,nadas
4939,nadir
4940,naevi
4941,naggy
4942,naiad
4943,naifs
4944,nails
4945,naira
4946,naive
4947,naked
4948,naled
4949,named
4950,namer
4951,names
4952,nanas
4953,nance
4954,nancy
4955,nanny
4956,napes
4957,nappe
4958,nappy
4959,narco
4960,narcs
4961,nards
4962,nares
4963,naric
4964,naris
4965,narks
4966,narky
4967,nasal
4968,nasty
4969,natal
4970,natch
4971,nates
4972,natty
4973,naval
4974,navar
4975,navel
4976,naves
4977,navvy
4978,nawab
4979,nazis
4980,neaps
4981,nears
4982,neath
4983,neats
4984,necks
4985,needs
4986,needy
4987,neems
4988,neeps
4989,negus
4990,neifs
4991,neigh
4992,neist
4993,nelly
4994,nemas
4995,neons
4996,nerds
4997,nerdy
4998,nerol
4999,nerts
5000,nertz
5001,nerve
5002,nervy
5003,nests
5004,nesty
5005,netop
5006,netts
5007,netty
5008,neuks
5009,neume
5010,neums
5011,never
5012,neves
5013,nevus
5014,newel
5015,newer
5016,newie
5017,newly
5018,newsy
5019,newts
5020,nexus
5021,ngwee
5022,nicad
5023,nicer
5024,niche
5025,nicks
5026,nicol
5027,nidal
5028,nided
5029,nides
5030,nidus
5031,niece
5032,nieve
5033,nifty
5034,nighs
5035,night
5036,nihil
5037,nills
5038,nimbi
5039,nines
5040,ninja
5041,ninny
5042,ninon
5043,ninth
5044,nipas
5045,nippy
5046,nisei
5047,nisus
5048,niter
5049,nites
5050,nitid
5051,niton
5052,nitre
5053,nitro
5054,nitty
5055,nival
5056,nixed
5057,nixes
5058,nixie
5059,nizam
5060,nobby
5061,noble
5062,nobly
5063,nocks
5064,nodal
5065,noddy
5066,nodes
5067,nodus
5068,noels
5069,noggs
5070,nohow
5071,noils
5072,noily
5073,noirs
5074,noise
5075,noisy
5076,nolos
5077,nomad
5078,nomas
5079,nomen
5080,nomes
5081,nomoi
5082,nomos
5083,nonas
5084,nonce
5085,nones
5086,nonet
5087,nonyl
5088,nooks
5089,nooky
5090,noons
5091,noose
5092,nopal
5093,noria
5094,noris
5095,norms
5096,north
5097,nosed
5098,noses
5099,nosey
5100,notal
5101,notch
5102,noted
5103,noter
5104,notes
5105,notum
5106,nouns
5107,novae
5108,novas
5109,novel
5110,noway
5111,nowts
5112,nubby
5113,nubia
5114,nucha
5115,nuder
5116,nudes
5117,nudge
5118,nudie
5119,nudzh
5120,nuked
5121,nukes
5122,nulls
5123,numbs
5124,numen
5125,nurds
5126,nurls
5127,nurse
5128,nutsy
5129,nutty
5130,nyala
5131,nylon
5132,nymph
5133,oaken
5134,oakum
5135,oared
5136,oases
5137,oasis
5138,oasts
5139,oaten
5140,oater
5141,oaths
5142,oaves
5143,obeah
5144,obeli
5145,obese
5146,obeys
5147,obias
5148,obits
5149,objet
5150,oboes
5151,obole
5152,oboli
5153,obols
5154,occur
5155,ocean
5156,ocher
5157,ochre
5158,ochry
5159,ocker
5160,ocrea
5161,octad
5162,octal
5163,octan
5164,octet
5165,octyl
5166,oculi
5167,odahs
5168,odder
5169,oddly
5170,odeon
5171,odeum
5172,odist
5173,odium
5174,odors
5175,odour
5176,odyle
5177,odyls
5178,ofays
5179,offal
5180,offed
5181,offer
5182,often
5183,ofter
5184,ogams
5185,ogees
5186,ogham
5187,ogive
5188,ogled
5189,ogler
5190,ogles
5191,ogres
5192,ohias
5193,ohing
5194,ohmic
5195,oidia
5196,oiled
5197,oiler
5198,oinks
5199,okapi
5200,okays
5201,okehs
5202,okras
5203,olden
5204,older
5205,oldie
5206,oleic
5207,olein
5208,oleos
5209,oleum
5210,olios
5211,olive
5212,ollas
5213,ology
5214,omasa
5215,omber
5216,ombre
5217,omega
5218,omens
5219,omers
5220,omits
5221,onery
5222,onion
5223,onium
5224,onset
5225,ontic
5226,oohed
5227,oomph
5228,oorie
5229,ootid
5230,oozed
5231,oozes
5232,opahs
5233,opals
5234,opens
5235,opera
5236,opine
5237,oping
5238,opium
5239,opsin
5240,opted
5241,optic
5242,orach
5243,orals
5244,orang
5245,orate
5246,orbed
5247,orbit
5248,orcas
5249,orcin
5250,order
5251,ordos
5252,oread
5253,organ
5254,orgic
5255,oribi
5256,oriel
5257,orles
5258,orlop
5259,ormer
5260,ornis
5261,orpin
5262,orris
5263,ortho
5264,orzos
5265,osier
5266,osmic
5267,osmol
5268,ossia
5269,ostia
5270,other
5271,ottar
5272,otter
5273,ottos
5274,ought
5275,ounce
5276,ouphe
5277,ouphs
5278,ourie
5279,ousel
5280,ousts
5281,outby
5282,outdo
5283,outed
5284,outer
5285,outgo
5286,outre
5287,ouzel
5288,ouzos
5289,ovals
5290,ovary
5291,ovate
5292,ovens
5293,overs
5294,overt
5295,ovine
5296,ovoid
5297,ovoli
5298,ovolo
5299,ovule
5300,owing
5301,owlet
5302,owned
5303,owner
5304,owsen
5305,oxbow
5306,oxeye
5307,oxide
5308,oxids
5309,oxime
5310,oxims
5311,oxlip
5312,oxter
5313,oyers
5314,ozone
5315,pacas
5316,paced
5317,pacer
5318,paces
5319,pacha
5320,packs
5321,pacts
5322,paddy
5323,padis
5324,padle
5325,padre
5326,padri
5327,paean
5328,paeon
5329,pagan
5330,paged
5331,pager
5332,pages
5333,pagod
5334,paiks
5335,pails
5336,pains
5337,paint
5338,pairs
5339,paisa
5340,paise
5341,palea
5342,paled
5343,paler
5344,pales
5345,palet
5346,palls
5347,pally
5348,palms
5349,palmy
5350,palpi
5351,palps
5352,palsy
5353,pampa
5354,panda
5355,pandy
5356,paned
5357,panel
5358,panes
5359,panga
5360,pangs
5361,panic
5362,panne
5363,pansy
5364,panto
5365,pants
5366,panty
5367,papal
5368,papas
5369,papaw
5370,paper
5371,pappi
5372,pappy
5373,paras
5374,parch
5375,pardi
5376,pards
5377,pardy
5378,pared
5379,pareo
5380,parer
5381,pares
5382,pareu
5383,parge
5384,pargo
5385,paris
5386,parka
5387,parks
5388,parle
5389,parol
5390,parrs
5391,parry
5392,parse
5393,parts
5394,party
5395,parve
5396,parvo
5397,paseo
5398,pases
5399,pasha
5400,passe
5401,pasta
5402,paste
5403,pasts
5404,pasty
5405,patch
5406,pated
5407,paten
5408,pater
5409,pates
5410,paths
5411,patin
5412,patio
5413,patly
5414,patsy
5415,patty
5416,pause
5417,pavan
5418,paved
5419,paver
5420,paves
5421,pavid
5422,pavin
5423,pavis
5424,pawed
5425,pawer
5426,pawky
5427,pawls
5428,pawns
5429,paxes
5430,payed
5431,payee
5432,payer
5433,payor
5434,peace
5435,peach
5436,peage
5437,peags
5438,peaks
5439,peaky
5440,peals
5441,peans
5442,pearl
5443,pears
5444,peart
5445,pease
5446,peats
5447,peaty
5448,peavy
5449,pecan
5450,pechs
5451,pecks
5452,pecky
5453,pedal
5454,pedes
5455,pedro
5456,peeks
5457,peels
5458,peens
5459,peeps
5460,peers
5461,peery
5462,peeve
5463,peins
5464,peise
5465,pekan
5466,pekes
5467,pekin
5468,pekoe
5469,peles
5470,pelfs
5471,pelon
5472,pelts
5473,penal
5474,pence
5475,pends
5476,penes
5477,pengo
5478,penis
5479,penna
5480,penne
5481,penni
5482,penny
5483,peons
5484,peony
5485,pepla
5486,pepos
5487,peppy
5488,perch
5489,perdu
5490,perdy
5491,perea
5492,peres
5493,peril
5494,peris
5495,perks
5496,perky
5497,perms
5498,perps
5499,perry
5500,perse
5501,pervs
5502,pesky
5503,pesos
5504,pesto
5505,pests
5506,pesty
5507,petal
5508,peter
5509,petit
5510,petti
5511,petto
5512,petty
5513,pewee
5514,pewit
5515,phage
5516,phase
5517,phial
5518,phlox
5519,phone
5520,phono
5521,phons
5522,phony
5523,photo
5524,phots
5525,phpht
5526,phuts
5527,phyla
5528,phyle
5529,piano
5530,pians
5531,pibal
5532,pical
5533,picas
5534,picks
5535,picky
5536,picot
5537,picul
5538,piece
5539,piers
5540,pieta
5541,piety
5542,piggy
5543,pigmy
5544,piing
5545,pikas
5546,piked
5547,piker
5548,pikes
5549,pikis
5550,pilaf
5551,pilar
5552,pilau
5553,pilaw
5554,pilea
5555,piled
5556,pilei
5557,piles
5558,pilis
5559,pills
5560,pilot
5561,pilus
5562,pimas
5563,pimps
5564,pinas
5565,pinch
5566,pined
5567,pines
5568,piney
5569,pingo
5570,pings
5571,pinko
5572,pinks
5573,pinky
5574,pinna
5575,pinny
5576,pinon
5577,pinot
5578,pinta
5579,pinto
5580,pints
5581,pinup
5582,pions
5583,pious
5584,pipal
5585,piped
5586,piper
5587,pipes
5588,pipet
5589,pipit
5590,pique
5591,pirns
5592,pirog
5593,pisco
5594,pisos
5595,piste
5596,pitas
5597,pitch
5598,piths
5599,pithy
5600,piton
5601,pivot
5602,pixel
5603,pixes
5604,pixie
5605,pizza
5606,place
5607,plack
5608,plage
5609,plaid
5610,plain
5611,plait
5612,plane
5613,plank
5614,plans
5615,plant
5616,plash
5617,plasm
5618,plate
5619,plats
5620,platy
5621,playa
5622,plays
5623,plaza
5624,plead
5625,pleas
5626,pleat
5627,plebe
5628,plebs
5629,plena
5630,plews
5631,plica
5632,plied
5633,plier
5634,plies
5635,plink
5636,plods
5637,plonk
5638,plops
5639,plots
5640,plotz
5641,plows
5642,ploys
5643,pluck
5644,plugs
5645,plumb
5646,plume
5647,plump
5648,plums
5649,plumy
5650,plunk
5651,plush
5652,plyer
5653,poach
5654,pocks
5655,pocky
5656,podgy
5657,podia
5658,poems
5659,poesy
5660,poets
5661,pogey
5662,poilu
5663,poind
5664,point
5665,poise
5666,poked
5667,poker
5668,pokes
5669,pokey
5670,polar
5671,poled
5672,poler
5673,poles
5674,polio
5675,polis
5676,polka
5677,polls
5678,polos
5679,polyp
5680,polys
5681,pomes
5682,pommy
5683,pomos
5684,pomps
5685,ponce
5686,ponds
5687,pones
5688,pongs
5689,pooch
5690,poods
5691,pooed
5692,poofs
5693,poofy
5694,poohs
5695,pools
5696,poons
5697,poops
5698,poori
5699,poots
5700,poove
5701,popes
5702,poppa
5703,poppy
5704,popsy
5705,porch
5706,pored
5707,pores
5708,porgy
5709,porks
5710,porky
5711,porno
5712,porns
5713,porny
5714,ports
5715,posed
5716,poser
5717,poses
5718,posit
5719,posse
5720,posts
5721,potsy
5722,potto
5723,potty
5724,pouch
5725,pouff
5726,poufs
5727,poult
5728,pound
5729,pours
5730,pouts
5731,pouty
5732,power
5733,poxed
5734,poxes
5735,poyou
5736,praam
5737,prahu
5738,prams
5739,prang
5740,prank
5741,praos
5742,prase
5743,prate
5744,prats
5745,praus
5746,prawn
5747,prays
5748,preed
5749,preen
5750,prees
5751,preps
5752,presa
5753,prese
5754,press
5755,prest
5756,prexy
5757,preys
5758,price
5759,prick
5760,pricy
5761,pride
5762,pried
5763,prier
5764,pries
5765,prigs
5766,prill
5767,prima
5768,prime
5769,primi
5770,primo
5771,primp
5772,prims
5773,prink
5774,print
5775,prion
5776,prior
5777,prise
5778,prism
5779,priss
5780,privy
5781,prize
5782,proas
5783,probe
5784,prods
5785,proem
5786,profs
5787,progs
5788,prole
5789,promo
5790,proms
5791,prone
5792,prong
5793,proof
5794,props
5795,prose
5796,proso
5797,pross
5798,prost
5799,prosy
5800,proud
5801,prove
5802,prowl
5803,prows
5804,proxy
5805,prude
5806,prune
5807,pruta
5808,pryer
5809,psalm
5810,pseud
5811,pshaw
5812,psoae
5813,psoai
5814,psoas
5815,psych
5816,pubes
5817,pubic
5818,pubis
5819,puces
5820,pucka
5821,pucks
5822,pudge
5823,pudgy
5824,pudic
5825,puffs
5826,puffy
5827,puggy
5828,pujah
5829,pujas
5830,puked
5831,pukes
5832,pukka
5833,puled
5834,puler
5835,pules
5836,pulik
5837,pulis
5838,pulls
5839,pulps
5840,pulpy
5841,pulse
5842,pumas
5843,pumps
5844,punas
5845,punch
5846,pungs
5847,punji
5848,punka
5849,punks
5850,punky
5851,punny
5852,punto
5853,punts
5854,punty
5855,pupae
5856,pupal
5857,pupas
5858,pupil
5859,puppy
5860,pupus
5861,purda
5862,puree
5863,purer
5864,purge
5865,purin
5866,puris
5867,purls
5868,purrs
5869,purse
5870,pursy
5871,puses
5872,pushy
5873,pussy
5874,puton
5875,putti
5876,putto
5877,putts
5878,putty
5879,pygmy
5880,pyins
5881,pylon
5882,pyoid
5883,pyran
5884,pyres
5885,pyric
5886,pyros
5887,pyxes
5888,pyxie
5889,pyxis
5890,qadis
5891,qaids
5892,qanat
5893,qophs
5894,quack
5895,quads
5896,quaff
5897,quags
5898,quail
5899,quais
5900,quake
5901,quaky
5902,quale
5903,qualm
5904,quant
5905,quare
5906,quark
5907,quart
5908,quash
5909,quasi
5910,quass
5911,quate
5912,quays
5913,qubit
5914,quean
5915,queen
5916,queer
5917,quell
5918,quern
5919,query
5920,quest
5921,queue
5922,queys
5923,quick
5924,quids
5925,quiet
5926,quiff
5927,quill
5928,quilt
5929,quins
5930,quint
5931,quips
5932,quipu
5933,quire
5934,quirk
5935,quirt
5936,quite
5937,quits
5938,quods
5939,quoin
5940,quoit
5941,quoll
5942,quota
5943,quote
5944,quoth
5945,qursh
5946,rabat
5947,rabbi
5948,rabic
5949,rabid
5950,raced
5951,racer
5952,races
5953,racks
5954,racon
5955,radar
5956,radii
5957,radio
5958,radix
5959,radon
5960,raffs
5961,rafts
5962,ragas
5963,raged
5964,ragee
5965,rages
5966,raggs
5967,raggy
5968,ragis
5969,raias
5970,raids
5971,rails
5972,rains
5973,rainy
5974,raise
5975,rajah
5976,rajas
5977,rajes
5978,raked
5979,rakee
5980,raker
5981,rakes
5982,rakis
5983,rakus
5984,rales
5985,rally
5986,ralph
5987,ramee
5988,ramen
5989,ramet
5990,ramie
5991,rammy
5992,ramps
5993,ramus
5994,rance
5995,ranch
5996,rands
5997,randy
5998,ranee
5999,range
6000,rangy
6001,ranid
6002,ranis
6003,ranks
6004,rants
6005,raped
6006,raper
6007,rapes
6008,raphe
6009,rapid
6010,rared
6011,rarer
6012,rares
6013,rased
6014,raser
6015,rases
6016,rasps
6017,raspy
6018,ratal
6019,ratan
6020,ratch
6021,rated
6022,ratel
6023,rater
6024,rates
6025,rathe
6026,ratio
6027,ratos
6028,ratty
6029,raved
6030,ravel
6031,raven
6032,raver
6033,raves
6034,ravin
6035,rawer
6036,rawin
6037,rawly
6038,raxed
6039,raxes
6040,rayah
6041,rayas
6042,rayed
6043,rayon
6044,razed
6045,razee
6046,razer
6047,razes
6048,razor
6049,reach
6050,react
6051,readd
6052,reads
6053,ready
6054,realm
6055,reals
6056,reams
6057,reaps
6058,rearm
6059,rears
6060,reata
6061,reave
6062,rebar
6063,rebbe
6064,rebec
6065,rebel
6066,rebid
6067,rebop
6068,rebus
6069,rebut
6070,rebuy
6071,recap
6072,recce
6073,recks
6074,recon
6075,recta
6076,recti
6077,recto
6078,recur
6079,recut
6080,redan
6081,redds
6082,reded
6083,redes
6084,redia
6085,redid
6086,redip
6087,redly
6088,redon
6089,redos
6090,redox
6091,redry
6092,redub
6093,redux
6094,redye
6095,reeds
6096,reedy
6097,reefs
6098,reefy
6099,reeks
6100,reeky
6101,reels
6102,reest
6103,reeve
6104,refed
6105,refel
6106,refer
6107,refit
6108,refix
6109,refly
6110,refry
6111,regal
6112,reges
6113,regma
6114,regna
6115,rehab
6116,rehem
6117,reifs
6118,reify
6119,reign
6120,reink
6121,reins
6122,reive
6123,rekey
6124,relax
6125,relay
6126,relet
6127,relic
6128,relit
6129,reman
6130,remap
6131,remet
6132,remex
6133,remit
6134,remix
6135,renal
6136,rends
6137,renew
6138,renig
6139,renin
6140,rente
6141,rents
6142,reoil
6143,repay
6144,repeg
6145,repel
6146,repin
6147,reply
6148,repos
6149,repot
6150,repps
6151,repro
6152,reran
6153,rerig
6154,rerun
6155,resaw
6156,resay
6157,resee
6158,reset
6159,resew
6160,resid
6161,resin
6162,resod
6163,resow
6164,rests
6165,retag
6166,retax
6167,retch
6168,retem
6169,retia
6170,retie
6171,retro
6172,retry
6173,reuse
6174,revel
6175,revet
6176,revue
6177,rewan
6178,rewax
6179,rewed
6180,rewet
6181,rewin
6182,rewon
6183,rexes
6184,rheas
6185,rheum
6186,rhino
6187,rhomb
6188,rhumb
6189,rhyme
6190,rhyta
6191,rials
6192,riant
6193,riata
6194,ribby
6195,ribes
6196,riced
6197,ricer
6198,rices
6199,ricin
6200,ricks
6201,rider
6202,rides
6203,ridge
6204,ridgy
6205,riels
6206,rifer
6207,riffs
6208,rifle
6209,rifts
6210,right
6211,rigid
6212,rigor
6213,riled
6214,riles
6215,riley
6216,rille
6217,rills
6218,rimed
6219,rimer
6220,rimes
6221,rinds
6222,rings
6223,rinks
6224,rinse
6225,rioja
6226,riots
6227,riped
6228,ripen
6229,riper
6230,ripes
6231,risen
6232,riser
6233,rises
6234,rishi
6235,risks
6236,risky
6237,risus
6238,rites
6239,ritzy
6240,rival
6241,rived
6242,riven
6243,river
6244,rives
6245,rivet
6246,riyal
6247,roach
6248,roads
6249,roams
6250,roans
6251,roars
6252,roast
6253,robed
6254,robes
6255,robin
6256,roble
6257,robot
6258,rocks
6259,rocky
6260,rodeo
6261,roger
6262,rogue
6263,roils
6264,roily
6265,roles
6266,rolfs
6267,rolls
6268,roman
6269,romeo
6270,romps
6271,rondo
6272,roods
6273,roofs
6274,rooks
6275,rooky
6276,rooms
6277,roomy
6278,roose
6279,roost
6280,roots
6281,rooty
6282,roped
6283,roper
6284,ropes
6285,ropey
6286,roque
6287,rosed
6288,roses
6289,roset
6290,rosin
6291,rotas
6292,rotch
6293,rotes
6294,rotis
6295,rotls
6296,rotor
6297,rotos
6298,rotte
6299,rouen
6300,roues
6301,rouge
6302,rough
6303,round
6304,roups
6305,roupy
6306,rouse
6307,roust
6308,route
6309,routh
6310,routs
6311,roved
6312,roven
6313,rover
6314,roves
6315,rowan
6316,rowdy
6317,rowed
6318,rowel
6319,rowen
6320,rower
6321,rowth
6322,royal
6323,ruana
6324,rubes
6325,ruble
6326,rubus
6327,ruche
6328,rucks
6329,rudds
6330,ruddy
6331,ruder
6332,ruers
6333,ruffe
6334,ruffs
6335,rugae
6336,rugal
6337,rugby
6338,ruing
6339,ruins
6340,ruled
6341,ruler
6342,rules
6343,rumba
6344,rumen
6345,rummy
6346,rumor
6347,rumps
6348,runes
6349,rungs
6350,runic
6351,runny
6352,runts
6353,runty
6354,rupee
6355,rural
6356,ruses
6357,rushy
6358,rusks
6359,rusts
6360,rusty
6361,ruths
6362,rutin
6363,rutty
6364,ryked
6365,rykes
6366,rynds
6367,ryots
6368,sabed
6369,saber
6370,sabes
6371,sabin
6372,sabir
6373,sable
6374,sabot
6375,sabra
6376,sabre
6377,sacks
6378,sacra
6379,sades
6380,sadhe
6381,sadhu
6382,sadis
6383,sadly
6384,safer
6385,safes
6386,sagas
6387,sager
6388,sages
6389,saggy
6390,sagos
6391,sagum
6392,sahib
6393,saice
6394,saids
6395,saiga
6396,sails
6397,sains
6398,saint
6399,saith
6400,sajou
6401,saker
6402,sakes
6403,sakis
6404,salad
6405,salal
6406,salep
6407,sales
6408,salic
6409,sally
6410,salmi
6411,salol
6412,salon
6413,salpa
6414,salps
6415,salsa
6416,salts
6417,salty
6418,salve
6419,salvo
6420,samba
6421,sambo
6422,samek
6423,samps
6424,sands
6425,sandy
6426,saned
6427,saner
6428,sanes
6429,sanga
6430,sangh
6431,santo
6432,sapid
6433,sapor
6434,sappy
6435,saran
6436,sards
6437,saree
6438,sarge
6439,sarin
6440,saris
6441,sarks
6442,sarky
6443,sarod
6444,saros
6445,sasin
6446,sassy
6447,satay
6448,sated
6449,satem
6450,sates
6451,satin
6452,satis
6453,satyr
6454,sauce
6455,sauch
6456,saucy
6457,saugh
6458,sauls
6459,sault
6460,sauna
6461,saury
6462,saute
6463,saved
6464,saver
6465,saves
6466,savin
6467,savor
6468,savoy
6469,savvy
6470,sawed
6471,sawer
6472,saxes
6473,sayer
6474,sayid
6475,sayst
6476,scabs
6477,scads
6478,scags
6479,scald
6480,scale
6481,scall
6482,scalp
6483,scaly
6484,scamp
6485,scams
6486,scans
6487,scant
6488,scape
6489,scare
6490,scarf
6491,scarp
6492,scars
6493,scart
6494,scary
6495,scats
6496,scatt
6497,scaup
6498,scaur
6499,scena
6500,scend
6501,scene
6502,scent
6503,schav
6504,schmo
6505,schul
6506,schwa
6507,scion
6508,scoff
6509,scold
6510,scone
6511,scoop
6512,scoot
6513,scope
6514,scops
6515,score
6516,scorn
6517,scots
6518,scour
6519,scout
6520,scowl
6521,scows
6522,scrag
6523,scram
6524,scrap
6525,scree
6526,screw
6527,scrim
6528,scrip
6529,scrod
6530,scrub
6531,scrum
6532,scuba
6533,scudi
6534,scudo
6535,scuds
6536,scuff
6537,sculk
6538,scull
6539,sculp
6540,scums
6541,scups
6542,scurf
6543,scuta
6544,scute
6545,scuts
6546,seals
6547,seams
6548,seamy
6549,sears
6550,seats
6551,sebum
6552,secco
6553,sects
6554,sedan
6555,seder
6556,sedge
6557,sedgy
6558,sedum
6559,seeds
6560,seedy
6561,seeks
6562,seels
6563,seely
6564,seems
6565,seeps
6566,seepy
6567,seers
6568,segni
6569,segno
6570,segos
6571,segue
6572,seifs
6573,seine
6574,seise
6575,seism
6576,seize
6577,selah
6578,selfs
6579,selle
6580,sells
6581,selva
6582,semen
6583,semes
6584,semis
6585,sends
6586,sengi
6587,senna
6588,senor
6589,sensa
6590,sense
6591,sente
6592,senti
6593,sepal
6594,sepia
6595,sepic
6596,sepoy
6597,septa
6598,septs
6599,serac
6600,serai
6601,seral
6602,sered
6603,serer
6604,seres
6605,serfs
6606,serge
6607,serif
6608,serin
6609,serow
6610,serry
6611,serum
6612,serve
6613,servo
6614,setae
6615,setal
6616,seton
6617,setts
6618,setup
6619,seven
6620,sever
6621,sewan
6622,sewar
6623,sewed
6624,sewer
6625,sexed
6626,sexes
6627,sexto
6628,sexts
6629,shack
6630,shade
6631,shads
6632,shady
6633,shaft
6634,shags
6635,shahs
6636,shake
6637,shako
6638,shaky
6639,shale
6640,shall
6641,shalt
6642,shaly
6643,shame
6644,shams
6645,shank
6646,shape
6647,shard
6648,share
6649,shark
6650,sharn
6651,sharp
6652,shaul
6653,shave
6654,shawl
6655,shawm
6656,shawn
6657,shaws
6658,shays
6659,sheaf
6660,sheal
6661,shear
6662,sheas
6663,sheds
6664,sheen
6665,sheep
6666,sheer
6667,sheet
6668,sheik
6669,shelf
6670,shell
6671,shend
6672,shent
6673,sheol
6674,sherd
6675,shewn
6676,shews
6677,shied
6678,shiel
6679,shier
6680,shies
6681,shift
6682,shill
6683,shily
6684,shims
6685,shine
6686,shins
6687,shiny
6688,ships
6689,shire
6690,shirk
6691,shirr
6692,shirt
6693,shist
6694,shits
6695,shiva
6696,shive
6697,shivs
6698,shlep
6699,shoal
6700,shoat
6701,shock
6702,shoed
6703,shoer
6704,shoes
6705,shogs
6706,shoji
6707,shone
6708,shook
6709,shool
6710,shoon
6711,shoos
6712,shoot
6713,shops
6714,shore
6715,shorl
6716,shorn
6717,short
6718,shote
6719,shots
6720,shott
6721,shout
6722,shove
6723,shown
6724,shows
6725,showy
6726,shoyu
6727,shred
6728,shrew
6729,shris
6730,shrub
6731,shrug
6732,shtik
6733,shuck
6734,shuln
6735,shuls
6736,shuns
6737,shunt
6738,shush
6739,shute
6740,shuts
6741,shwas
6742,shyer
6743,shyly
6744,sials
6745,sibbs
6746,sibyl
6747,sices
6748,sicko
6749,sicks
6750,sided
6751,sides
6752,sidhe
6753,sidle
6754,siege
6755,sieur
6756,sieve
6757,sifts
6758,sighs
6759,sight
6760,sigil
6761,sigma
6762,signs
6763,sikas
6764,siker
6765,sikes
6766,silds
6767,silex
6768,silks
6769,silky
6770,sills
6771,silly
6772,silos
6773,silts
6774,silty
6775,silva
6776,simar
6777,simas
6778,simps
6779,since
6780,sines
6781,sinew
6782,singe
6783,sings
6784,sinhs
6785,sinks
6786,sinus
6787,siped
6788,sipes
6789,sired
6790,siree
6791,siren
6792,sires
6793,sirra
6794,sirup
6795,sisal
6796,sises
6797,sissy
6798,sitar
6799,sited
6800,sites
6801,situp
6802,situs
6803,siver
6804,sixes
6805,sixmo
6806,sixte
6807,sixth
6808,sixty
6809,sizar
6810,sized
6811,sizer
6812,sizes
6813,skags
6814,skald
6815,skate
6816,skats
6817,skean
6818,skeed
6819,skeen
6820,skees
6821,skeet
6822,skegs
6823,skein
6824,skelm
6825,skelp
6826,skene
6827,skeps
6828,skews
6829,skids
6830,skied
6831,skier
6832,skies
6833,skiey
6834,skiff
6835,skill
6836,skimo
6837,skimp
6838,skims
6839,skink
6840,skins
6841,skint
6842,skips
6843,skirl
6844,skirr
6845,skirt
6846,skite
6847,skits
6848,skive
6849,skoal
6850,skort
6851,skosh
6852,skuas
6853,skulk
6854,skull
6855,skunk
6856,skyed
6857,skyey
6858,slabs
6859,slack
6860,slags
6861,slain
6862,slake
6863,slams
6864,slang
6865,slank
6866,slant
6867,slaps
6868,slash
6869,slate
6870,slats
6871,slaty
6872,slave
6873,slaws
6874,slays
6875,sleds
6876,sleek
6877,sleep
6878,sleet
6879,slept
6880,slews
6881,slice
6882,slick
6883,slide
6884,slier
6885,slily
6886,slime
6887,slims
6888,slimy
6889,sling
6890,slink
6891,slipe
6892,slips
6893,slipt
6894,slits
6895,slobs
6896,sloes
6897,slogs
6898,sloid
6899,slojd
6900,sloop
6901,slope
6902,slops
6903,slosh
6904,sloth
6905,slots
6906,slows
6907,sloyd
6908,slubs
6909,slued
6910,slues
6911,sluff
6912,slugs
6913,slump
6914,slums
6915,slung
6916,slunk
6917,slurb
6918,slurp
6919,slurs
6920,slush
6921,slyer
6922,slyly
6923,slype
6924,smack
6925,small
6926,smalt
6927,smarm
6928,smart
6929,smash
6930,smaze
6931,smear
6932,smeek
6933,smell
6934,smelt
6935,smerk
6936,smews
6937,smile
6938,smirk
6939,smite
6940,smith
6941,smock
6942,smogs
6943,smoke
6944,smoky
6945,smolt
6946,smote
6947,smuts
6948,snack
6949,snafu
6950,snags
6951,snail
6952,snake
6953,snaky
6954,snaps
6955,snare
6956,snark
6957,snarl
6958,snash
6959,snath
6960,snaws
6961,sneak
6962,sneap
6963,sneck
6964,sneds
6965,sneer
6966,snell
6967,snibs
6968,snick
6969,snide
6970,sniff
6971,snipe
6972,snips
6973,snits
6974,snobs
6975,snogs
6976,snood
6977,snook
6978,snool
6979,snoop
6980,snoot
6981,snore
6982,snort
6983,snots
6984,snout
6985,snows
6986,snowy
6987,snubs
6988,snuck
6989,snuff
6990,snugs
6991,snyes
6992,soaks
6993,soaps
6994,soapy
6995,soars
6996,soave
6997,sober
6998,socko
6999,socks
7000,socle
7001,sodas
7002,soddy
7003,sodic
7004,sodom
7005,sofar
7006,sofas
7007,softa
7008,softs
7009,softy
7010,soggy
7011,soils
7012,sojas
7013,sokes
7014,sokol
7015,solan
7016,solar
7017,soldi
7018,soldo
7019,soled
7020,solei
7021,soles
7022,solid
7023,solon
7024,solos
7025,solum
7026,solus
7027,solve
7028,somas
7029,sonar
7030,sonde
7031,sones
7032,songs
7033,sonic
7034,sonly
7035,sonny
7036,sonsy
7037,sooey
7038,sooks
7039,sooth
7040,soots
7041,sooty
7042,sophs
7043,sophy
7044,sopor
7045,soppy
7046,soras
7047,sorbs
7048,sords
7049,sorel
7050,sorer
7051,sores
7052,sorgo
7053,sorns
7054,sorry
7055,sorts
7056,sorus
7057,soths
7058,sotol
7059,sough
7060,souks
7061,souls
7062,sound
7063,soups
7064,soupy
7065,sours
7066,souse
7067,south
7068,sowar
7069,sowed
7070,sower
7071,soyas
7072,soyuz
7073,sozin
7074,space
7075,spacy
7076,spade
7077,spado
7078,spaed
7079,spaes
7080,spahi
7081,spail
7082,spait
7083,spake
7084,spale
7085,spall
7086,spang
7087,spank
7088,spans
7089,spare
7090,spark
7091,spars
7092,spasm
7093,spate
7094,spats
7095,spawn
7096,spays
7097,speak
7098,spean
7099,spear
7100,speck
7101,specs
7102,speed
7103,speel
7104,speer
7105,speil
7106,speir
7107,spell
7108,spelt
7109,spend
7110,spent
7111,sperm
7112,spews
7113,spica
7114,spice
7115,spicy
7116,spied
7117,spiel
7118,spier
7119,spies
7120,spiff
7121,spike
7122,spiks
7123,spiky
7124,spile
7125,spill
7126,spilt
7127,spine
7128,spins
7129,spiny
7130,spire
7131,spirt
7132,spiry
7133,spite
7134,spits
7135,spitz
7136,spivs
7137,splat
7138,splay
7139,split
7140,spode
7141,spoil
7142,spoke
7143,spoof
7144,spook
7145,spool
7146,spoon
7147,spoor
7148,spore
7149,sport
7150,spots
7151,spout
7152,sprag
7153,sprat
7154,spray
7155,spree
7156,sprig
7157,sprit
7158,sprue
7159,sprug
7160,spuds
7161,spued
7162,spues
7163,spume
7164,spumy
7165,spunk
7166,spurn
7167,spurs
7168,spurt
7169,sputa
7170,squab
7171,squad
7172,squat
7173,squaw
7174,squeg
7175,squib
7176,squid
7177,stabs
7178,stack
7179,stade
7180,staff
7181,stage
7182,stags
7183,stagy
7184,staid
7185,staig
7186,stain
7187,stair
7188,stake
7189,stale
7190,stalk
7191,stall
7192,stamp
7193,stand
7194,stane
7195,stang
7196,stank
7197,staph
7198,stare
7199,stark
7200,stars
7201,start
7202,stash
7203,state
7204,stats
7205,stave
7206,stays
7207,stead
7208,steak
7209,steal
7210,steam
7211,steed
7212,steek
7213,steel
7214,steep
7215,steer
7216,stein
7217,stela
7218,stele
7219,stems
7220,steno
7221,stent
7222,steps
7223,stere
7224,stern
7225,stets
7226,stews
7227,stich
7228,stick
7229,stied
7230,sties
7231,stiff
7232,stile
7233,still
7234,stilt
7235,stime
7236,stimy
7237,sting
7238,stink
7239,stint
7240,stipe
7241,stirk
7242,stirp
7243,stirs
7244,stoae
7245,stoai
7246,stoas
7247,stoat
7248,stobs
7249,stock
7250,stogy
7251,stoic
7252,stoke
7253,stole
7254,stoma
7255,stomp
7256,stone
7257,stony
7258,stood
7259,stook
7260,stool
7261,stoop
7262,stope
7263,stops
7264,stopt
7265,store
7266,stork
7267,storm
7268,story
7269,stoss
7270,stots
7271,stoup
7272,stour
7273,stout
7274,stove
7275,stowp
7276,stows
7277,strap
7278,straw
7279,stray
7280,strep
7281,strew
7282,stria
7283,strip
7284,strop
7285,strow
7286,stroy
7287,strum
7288,strut
7289,stubs
7290,stuck
7291,studs
7292,study
7293,stuff
7294,stull
7295,stump
7296,stums
7297,stung
7298,stunk
7299,stuns
7300,stunt
7301,stupa
7302,stupe
7303,sturt
7304,styed
7305,styes
7306,style
7307,styli
7308,stymy
7309,suave
7310,subah
7311,subas
7312,suber
7313,sucks
7314,sucky
7315,sucre
7316,sudds
7317,sudor
7318,sudsy
7319,suede
7320,suers
7321,suets
7322,suety
7323,sugar
7324,sughs
7325,suing
7326,suint
7327,suite
7328,suits
7329,sulci
7330,sulfa
7331,sulfo
7332,sulks
7333,sulky
7334,sully
7335,sulus
7336,sumac
7337,summa
7338,sumos
7339,sumps
7340,sunna
7341,sunns
7342,sunny
7343,sunup
7344,super
7345,supes
7346,supra
7347,surah
7348,sural
7349,suras
7350,surds
7351,surer
7352,surfs
7353,surfy
7354,surge
7355,surgy
7356,surly
7357,surra
7358,sushi
7359,sutra
7360,sutta
7361,swabs
7362,swage
7363,swags
7364,swail
7365,swain
7366,swale
7367,swami
7368,swamp
7369,swamy
7370,swang
7371,swank
7372,swans
7373,swaps
7374,sward
7375,sware
7376,swarf
7377,swarm
7378,swart
7379,swash
7380,swath
7381,swats
7382,sways
7383,swear
7384,sweat
7385,swede
7386,sweep
7387,sweer
7388,sweet
7389,swell
7390,swept
7391,swift
7392,swigs
7393,swill
7394,swims
7395,swine
7396,swing
7397,swink
7398,swipe
7399,swirl
7400,swish
7401,swiss
7402,swith
7403,swive
7404,swobs
7405,swoon
7406,swoop
7407,swops
7408,sword
7409,swore
7410,sworn
7411,swots
7412,swoun
7413,swung
7414,sycee
7415,syces
7416,sykes
7417,sylis
7418,sylph
7419,sylva
7420,synch
7421,syncs
7422,synod
7423,synth
7424,syphs
7425,syrah
7426,syren
7427,syrup
7428,sysop
7429,tabby
7430,taber
7431,tabes
7432,tabid
7433,tabla
7434,table
7435,taboo
7436,tabor
7437,tabun
7438,tabus
7439,taces
7440,tacet
7441,tache
7442,tachs
7443,tacit
7444,tacks
7445,tacky
7446,tacos
7447,tacts
7448,taels
7449,taffy
7450,tafia
7451,tahrs
7452,taiga
7453,tails
7454,tains
7455,taint
7456,tajes
7457,taken
7458,taker
7459,takes
7460,takin
7461,talar
7462,talas
7463,talcs
7464,taler
7465,tales
7466,talks
7467,talky
7468,tally
7469,talon
7470,taluk
7471,talus
7472,tamal
7473,tamed
7474,tamer
7475,tames
7476,tamis
7477,tammy
7478,tamps
7479,tango
7480,tangs
7481,tangy
7482,tanka
7483,tanks
7484,tansy
7485,tanto
7486,tapas
7487,taped
7488,taper
7489,tapes
7490,tapir
7491,tapis
7492,tardo
7493,tardy
7494,tared
7495,tares
7496,targe
7497,tarns
7498,taroc
7499,tarok
7500,taros
7501,tarot
7502,tarps
7503,tarre
7504,tarry
7505,tarsi
7506,tarts
7507,tarty
7508,tasks
7509,tasse
7510,taste
7511,tasty
7512,tatar
7513,tater
7514,tates
7515,tatty
7516,taunt
7517,taupe
7518,tauts
7519,tawed
7520,tawer
7521,tawie
7522,tawny
7523,tawse
7524,taxed
7525,taxer
7526,taxes
7527,taxis
7528,taxon
7529,taxus
7530,tazza
7531,tazze
7532,teach
7533,teaks
7534,teals
7535,teams
7536,tears
7537,teary
7538,tease
7539,teats
7540,techy
7541,tecta
7542,teddy
7543,teels
7544,teems
7545,teens
7546,teeny
7547,teeth
7548,teffs
7549,teggs
7550,tegua
7551,teiid
7552,teind
7553,telae
7554,teles
7555,telex
7556,telia
7557,telic
7558,tells
7559,telly
7560,teloi
7561,telos
7562,tempi
7563,tempo
7564,temps
7565,tempt
7566,tench
7567,tends
7568,tenet
7569,tenia
7570,tenon
7571,tenor
7572,tense
7573,tenth
7574,tents
7575,tenty
7576,tepal
7577,tepas
7578,tepee
7579,tepid
7580,tepoy
7581,terai
7582,terce
7583,terga
7584,terms
7585,terne
7586,terns
7587,terra
7588,terry
7589,terse
7590,tesla
7591,testa
7592,tests
7593,testy
7594,teths
7595,tetra
7596,teuch
7597,teugh
7598,tewed
7599,texas
7600,texts
7601,thack
7602,thane
7603,thank
7604,tharm
7605,thaws
7606,thebe
7607,theca
7608,theft
7609,thegn
7610,thein
7611,their
7612,theme
7613,thens
7614,there
7615,therm
7616,these
7617,theta
7618,thews
7619,thewy
7620,thick
7621,thief
7622,thigh
7623,thill
7624,thine
7625,thing
7626,think
7627,thins
7628,thiol
7629,third
7630,thirl
7631,thole
7632,thong
7633,thorn
7634,thoro
7635,thorp
7636,those
7637,thous
7638,thraw
7639,three
7640,threw
7641,thrip
7642,throb
7643,throe
7644,throw
7645,thrum
7646,thuds
7647,thugs
7648,thuja
7649,thumb
7650,thump
7651,thunk
7652,thurl
7653,thuya
7654,thyme
7655,thymi
7656,thymy
7657,tiara
7658,tibia
7659,tical
7660,ticks
7661,tidal
7662,tided
7663,tides
7664,tiers
7665,tiffs
7666,tiger
7667,tight
7668,tigon
7669,tikes
7670,tikis
7671,tilak
7672,tilde
7673,tiled
7674,tiler
7675,tiles
7676,tills
7677,tilth
7678,tilts
7679,timed
7680,timer
7681,times
7682,timid
7683,tinct
7684,tinea
7685,tined
7686,tines
7687,tinge
7688,tings
7689,tinny
7690,tints
7691,tipis
7692,tippy
7693,tipsy
7694,tired
7695,tires
7696,tirls
7697,tiros
7698,titan
7699,titer
7700,tithe
7701,titis
7702,title
7703,titre
7704,titty
7705,tizzy
7706,toads
7707,toady
7708,toast
7709,today
7710,toddy
7711,toffs
7712,toffy
7713,tofts
7714,tofus
7715,togae
7716,togas
7717,togue
7718,toile
7719,toils
7720,toits
7721,tokay
7722,toked
7723,token
7724,toker
7725,tokes
7726,tolan
7727,tolas
7728,toled
7729,toles
7730,tolls
7731,tolus
7732,tolyl
7733,toman
7734,tombs
7735,tomes
7736,tommy
7737,tonal
7738,tondi
7739,tondo
7740,toned
7741,toner
7742,tones
7743,toney
7744,tonga
7745,tongs
7746,tonic
7747,tonne
7748,tonus
7749,tools
7750,toons
7751,tooth
7752,toots
7753,topaz
7754,toped
7755,topee
7756,toper
7757,topes
7758,tophe
7759,tophi
7760,tophs
7761,topic
7762,topis
7763,topoi
7764,topos
7765,toque
7766,torah
7767,toras
7768,torch
7769,torcs
7770,tores
7771,toric
7772,torii
7773,toros
7774,torot
7775,torse
7776,torsi
7777,torsk
7778,torso
7779,torte
7780,torts
7781,torus
7782,total
7783,toted
7784,totem
7785,toter
7786,totes
7787,touch
7788,tough
7789,tours
7790,touse
7791,touts
7792,towed
7793,towel
7794,tower
7795,towie
7796,towns
7797,towny
7798,toxic
7799,toxin
7800,toyed
7801,toyer
7802,toyon
7803,toyos
7804,trace
7805,track
7806,tract
7807,trade
7808,tragi
7809,traik
7810,trail
7811,train
7812,trait
7813,tramp
7814,trams
7815,trank
7816,tranq
7817,trans
7818,traps
7819,trapt
7820,trash
7821,trass
7822,trave
7823,trawl
7824,trays
7825,tread
7826,treat
7827,treed
7828,treen
7829,trees
7830,treks
7831,trend
7832,tress
7833,trets
7834,trews
7835,treys
7836,triac
7837,triad
7838,trial
7839,tribe
7840,trice
7841,trick
7842,tried
7843,trier
7844,tries
7845,trigo
7846,trigs
7847,trike
7848,trill
7849,trims
7850,trine
7851,triol
7852,trios
7853,tripe
7854,trips
7855,trite
7856,troak
7857,trock
7858,trode
7859,trois
7860,troke
7861,troll
7862,tromp
7863,trona
7864,trone
7865,troop
7866,trooz
7867,trope
7868,troth
7869,trots
7870,trout
7871,trove
7872,trows
7873,troys
7874,truce
7875,truck
7876,trued
7877,truer
7878,trues
7879,trugs
7880,trull
7881,truly
7882,trump
7883,trunk
7884,truss
7885,trust
7886,truth
7887,tryma
7888,tryst
7889,tsade
7890,tsadi
7891,tsars
7892,tsked
7893,tsuba
7894,tubae
7895,tubal
7896,tubas
7897,tubby
7898,tubed
7899,tuber
7900,tubes
7901,tucks
7902,tufas
7903,tuffs
7904,tufts
7905,tufty
7906,tules
7907,tulip
7908,tulle
7909,tumid
7910,tummy
7911,tumor
7912,tumps
7913,tunas
7914,tuned
7915,tuner
7916,tunes
7917,tungs
7918,tunic
7919,tunny
7920,tupik
7921,tuque
7922,turbo
7923,turds
7924,turfs
7925,turfy
7926,turks
7927,turns
7928,turps
7929,tushy
7930,tusks
7931,tutee
7932,tutor
7933,tutti
7934,tutty
7935,tutus
7936,tuxes
7937,tuyer
7938,twaes
7939,twain
7940,twang
7941,twats
7942,tweak
7943,tweed
7944,tween
7945,tweet
7946,twerp
7947,twice
7948,twier
7949,twigs
7950,twill
7951,twine
7952,twins
7953,twiny
7954,twirl
7955,twirp
7956,twist
7957,twits
7958,twixt
7959,twyer
7960,tyees
7961,tyers
7962,tying
7963,tykes
7964,tyned
7965,tynes
7966,typal
7967,typed
7968,types
7969,typey
7970,typic
7971,typos
7972,typps
7973,tyred
7974,tyres
7975,tyros
7976,tythe
7977,tzars
7978,udder
7979,udons
7980,uglis
7981,uhlan
7982,ukase
7983,ulama
7984,ulans
7985,ulcer
7986,ulema
7987,ulnad
7988,ulnae
7989,ulnar
7990,ulnas
7991,ulpan
7992,ultra
7993,ulvas
7994,umami
7995,umbel
7996,umber
7997,umbos
7998,umbra
7999,umiac
8000,umiak
8001,umiaq
8002,umped
8003,unais
8004,unapt
8005,unarm
8006,unary
8007,unaus
8008,unban
8009,unbar
8010,unbid
8011,unbox
8012,uncap
8013,uncia
8014,uncle
8015,uncos
8016,uncoy
8017,uncus
8018,uncut
8019,undee
8020,under
8021,undid
8022,undue
8023,unfed
8024,unfit
8025,unfix
8026,ungot
8027,unhat
8028,unhip
8029,unify
8030,union
8031,unite
8032,units
8033,unity
8034,unlay
8035,unled
8036,unlet
8037,unlit
8038,unman
8039,unmet
8040,unmew
8041,unmix
8042,unpeg
8043,unpen
8044,unpin
8045,unrig
8046,unrip
8047,unsay
8048,unset
8049,unsew
8050,unsex
8051,untie
8052,until
8053,unwed
8054,unwit
8055,unwon
8056,unzip
8057,upbow
8058,upbye
8059,updos
8060,updry
8061,upend
8062,uplit
8063,upped
8064,upper
8065,upset
8066,uraei
8067,urare
8068,urari
8069,urase
8070,urate
8071,urban
8072,urbia
8073,ureal
8074,ureas
8075,uredo
8076,ureic
8077,urged
8078,urger
8079,urges
8080,urial
8081,urine
8082,ursae
8083,usage
8084,users
8085,usher
8086,using
8087,usnea
8088,usque
8089,usual
8090,usurp
8091,usury
8092,uteri
8093,utile
8094,utter
8095,uveal
8096,uveas
8097,uvula
8098,vacua
8099,vagal
8100,vague
8101,vagus
8102,vails
8103,vairs
8104,vakil
8105,vales
8106,valet
8107,valid
8108,valor
8109,valse
8110,value
8111,valve
8112,vamps
8113,vampy
8114,vanda
8115,vaned
8116,vanes
8117,vangs
8118,vapid
8119,vapor
8120,varas
8121,varia
8122,varix
8123,varna
8124,varus
8125,varve
8126,vasal
8127,vases
8128,vasts
8129,vasty
8130,vatic
8131,vatus
8132,vault
8133,vaunt
8134,veals
8135,vealy
8136,veena
8137,veeps
8138,veers
8139,veery
8140,vegan
8141,vegie
8142,veils
8143,veins
8144,veiny
8145,velar
8146,velds
8147,veldt
8148,velum
8149,venae
8150,venal
8151,vends
8152,venge
8153,venin
8154,venom
8155,vents
8156,venue
8157,venus
8158,verbs
8159,verge
8160,verse
8161,verso
8162,verst
8163,verts
8164,vertu
8165,verve
8166,vesta
8167,vests
8168,vetch
8169,vexed
8170,vexer
8171,vexes
8172,vexil
8173,vials
8174,viand
8175,vibes
8176,vicar
8177,viced
8178,vices
8179,vichy
8180,video
8181,viers
8182,views
8183,viewy
8184,vigas
8185,vigia
8186,vigil
8187,vigor
8188,viler
8189,villa
8190,villi
8191,vills
8192,vimen
8193,vinal
8194,vinas
8195,vinca
8196,vined
8197,vines
8198,vinic
8199,vinos
8200,vinyl
8201,viola
8202,viols
8203,viper
8204,viral
8205,vireo
8206,vires
8207,virga
8208,virid
8209,virls
8210,virtu
8211,virus
8212,visas
8213,vised
8214,vises
8215,visit
8216,visor
8217,vista
8218,vitae
8219,vital
8220,vitta
8221,vivas
8222,vivid
8223,vixen
8224,vizir
8225,vizor
8226,vocal
8227,voces
8228,vodka
8229,vodou
8230,vodun
8231,vogie
8232,vogue
8233,voice
8234,voids
8235,voila
8236,voile
8237,volar
8238,voled
8239,voles
8240,volta
8241,volte
8242,volti
8243,volts
8244,volva
8245,vomer
8246,vomit
8247,voted
8248,voter
8249,votes
8250,vouch
8251,vowed
8252,vowel
8253,vower
8254,voxel
8255,vroom
8256,vrouw
8257,vrows
8258,vuggs
8259,vuggy
8260,vughs
8261,vulgo
8262,vulva
8263,vying
8264,wacke
8265,wacko
8266,wacks
8267,wacky
8268,waddy
8269,waded
8270,wader
8271,wades
8272,wadis
8273,wafer
8274,waffs
8275,wafts
8276,waged
8277,wager
8278,wages
8279,wagon
8280,wahoo
8281,waifs
8282,wails
8283,wains
8284,wairs
8285,waist
8286,waits
8287,waive
8288,waked
8289,waken
8290,waker
8291,wakes
8292,waled
8293,waler
8294,wales
8295,walks
8296,walla
8297,walls
8298,wally
8299,waltz
8300,wames
8301,wamus
8302,wands
8303,waned
8304,wanes
8305,waney
8306,wanks
8307,wanly
8308,wants
8309,wards
8310,wared
8311,wares
8312,warks
8313,warms
8314,warns
8315,warps
8316,warts
8317,warty
8318,washy
8319,wasps
8320,waspy
8321,waste
8322,wasts
8323,watap
8324,watch
8325,water
8326,watts
8327,waugh
8328,wauks
8329,wauls
8330,waved
8331,waver
8332,waves
8333,wavey
8334,wawls
8335,waxed
8336,waxen
8337,waxer
8338,waxes
8339,weald
8340,weals
8341,weans
8342,wears
8343,weary
8344,weave
8345,webby
8346,weber
8347,wecht
8348,wedel
8349,wedge
8350,wedgy
8351,weeds
8352,weedy
8353,weeks
8354,weens
8355,weeny
8356,weeps
8357,weepy
8358,weest
8359,weets
8360,wefts
8361,weigh
8362,weird
8363,weirs
8364,wekas
8365,welch
8366,welds
8367,wells
8368,welly
8369,welsh
8370,welts
8371,wench
8372,wends
8373,wenny
8374,wests
8375,wetly
8376,whack
8377,whale
8378,whamo
8379,whams
8380,whang
8381,whaps
8382,wharf
8383,whats
8384,whaup
8385,wheal
8386,wheat
8387,wheel
8388,wheen
8389,wheep
8390,whelk
8391,whelm
8392,whelp
8393,whens
8394,where
8395,whets
8396,whews
8397,wheys
8398,which
8399,whids
8400,whiff
8401,whigs
8402,while
8403,whims
8404,whine
8405,whins
8406,whiny
8407,whips
8408,whipt
8409,whirl
8410,whirr
8411,whirs
8412,whish
8413,whisk
8414,whist
8415,white
8416,whits
8417,whity
8418,whizz
8419,whole
8420,whomp
8421,whoof
8422,whoop
8423,whops
8424,whore
8425,whorl
8426,whort
8427,whose
8428,whoso
8429,whump
8430,whups
8431,wicks
8432,widdy
8433,widen
8434,wider
8435,wides
8436,widow
8437,width
8438,wield
8439,wifed
8440,wifes
8441,wifty
8442,wigan
8443,wiggy
8444,wight
8445,wilco
8446,wilds
8447,wiled
8448,wiles
8449,wills
8450,willy
8451,wilts
8452,wimps
8453,wimpy
8454,wince
8455,winch
8456,winds
8457,windy
8458,wined
8459,wines
8460,winey
8461,wings
8462,wingy
8463,winks
8464,winos
8465,winze
8466,wiped
8467,wiper
8468,wipes
8469,wired
8470,wirer
8471,wires
8472,wirra
8473,wised
8474,wiser
8475,wises
8476,wisha
8477,wisps
8478,wispy
8479,wists
8480,witan
8481,witch
8482,wited
8483,wites
8484,withe
8485,withy
8486,witty
8487,wived
8488,wiver
8489,wives
8490,wizen
8491,wizes
8492,woads
8493,woald
8494,wodge
8495,woful
8496,woken
8497,wolds
8498,wolfs
8499,woman
8500,wombs
8501,womby
8502,women
8503,womyn
8504,wonks
8505,wonky
8506,wonts
8507,woods
8508,woody
8509,wooed
8510,wooer
8511,woofs
8512,wools
8513,wooly
8514,woops
8515,woosh
8516,woozy
8517,words
8518,wordy
8519,works
8520,world
8521,worms
8522,wormy
8523,worry
8524,worse
8525,worst
8526,worth
8527,worts
8528,would
8529,wound
8530,woven
8531,wowed
8532,wrack
8533,wrang
8534,wraps
8535,wrapt
8536,wrath
8537,wreak
8538,wreck
8539,wrens
8540,wrest
8541,wrick
8542,wried
8543,wrier
8544,wries
8545,wring
8546,wrist
8547,write
8548,writs
8549,wrong
8550,wrote
8551,wroth
8552,wrung
8553,wryer
8554,wryly
8555,wurst
8556,wussy
8557,wyled
8558,wyles
8559,wynds
8560,wynns
8561,wyted
8562,wytes
8563,xebec
8564,xenia
8565,xenic
8566,xenon
8567,xeric
8568,xerox
8569,xerus
8570,xylan
8571,xylem
8572,xylol
8573,xylyl
8574,xysti
8575,xysts
8576,yacht
8577,yacks
8578,yaffs
8579,yager
8580,yagis
8581,yahoo
8582,yaird
8583,yamen
8584,yamun
8585,yangs
8586,yanks
8587,yapok
8588,yapon
8589,yards
8590,yarer
8591,yarns
8592,yauds
8593,yauld
8594,yaups
8595,yawed
8596,yawls
8597,yawns
8598,yawps
8599,yeans
8600,yearn
8601,years
8602,yeast
8603,yecch
8604,yechs
8605,yechy
8606,yeggs
8607,yelks
8608,yells
8609,yelps
8610,yenta
8611,yente
8612,yerba
8613,yerks
8614,yeses
8615,yetis
8616,yetts
8617,yeuks
8618,yeuky
8619,yield
8620,yikes
8621,yills
8622,yince
8623,yipes
8624,yirds
8625,yirrs
8626,yirth
8627,ylems
8628,yobbo
8629,yocks
8630,yodel
8631,yodhs
8632,yodle
8633,yogas
8634,yogee
8635,yoghs
8636,yogic
8637,yogin
8638,yogis
8639,yoked
8640,yokel
8641,yokes
8642,yolks
8643,yolky
8644,yomim
8645,yonic
8646,yonis
8647,yores
8648,young
8649,yourn
8650,yours
8651,youse
8652,youth
8653,yowed
8654,yowes
8655,yowie
8656,yowls
8657,yoyos
8658,yuans
8659,yucas
8660,yucca
8661,yucch
8662,yucks
8663,yucky
8664,yugas
8665,yulan
8666,yules
8667,yummy
8668,yupon
8669,yurta
8670,yurts
8671,zaire
8672,zamia
8673,zanza
8674,zappy
8675,zarfs
8676,zaxes
8677,zayin
8678,zazen
8679,zeals
8680,zebec
8681,zebra
8682,zebus
8683,zeins
8684,zerks
8685,zeros
8686,zests
8687,zesty
8688,zetas
8689,zibet
8690,zilch
8691,zills
8692,zincs
8693,zincy
8694,zineb
8695,zines
8696,zings
8697,zingy
8698,zinky
8699,zippy
8700,ziram
8701,zitis
8702,zizit
8703,zlote
8704,zloty
8705,zoeae
8706,zoeal
8707,zoeas
8708,zombi
8709,zonae
8710,zonal
8711,zoned
8712,zoner
8713,zones
8714,zonks
8715,zooey
8716,zooid
8717,zooks
8718,zooms
8719,zoons
8720,zooty
8721,zoril
8722,zoris
8723,zowie
8724,zymes